PersonID,Latitude,Longitude,DateTime,LatitudeGrouping,LongitudeGrouping,TimeHour
387,-37.840041,144.936677,2020-04-11 7:18,-136123,521942,2020-04-11 7:00
387,-37.838711,144.94188,2020-04-11 7:36,-136188,521904,2020-04-11 7:00
387,-37.885982,145.082342,2020-04-11 7:54,-136390,522296,2020-04-11 7:00
387,-37.810351,144.93698,2020-04-11 8:13,-136235,521862,2020-04-11 8:00
387,-37.842836,144.961897,2020-04-11 8:31,-136057,521635,2020-04-11 8:00
387,-37.885982,145.082342,2020-04-11 8:49,-136140,521974,2020-04-11 8:00
387,-37.841619,144.939541,2020-04-11 9:07,-136647,522189,2020-04-11 9:00
387,-37.816634,144.993007,2020-04-11 9:26,-136220,521790,2020-04-11 9:00
387,-37.798343,144.960716,2020-04-11 9:44,-136220,521790,2020-04-11 9:00
387,-37.791539,144.886764,2020-04-11 10:02,-136091,521898,2020-04-11 10:00
388,-37.867555,144.976864,2020-04-11 9:00,-136647,522189,2020-04-11 9:00
388,-37.793484,144.898659,2020-04-11 11:00,-136324,521916,2020-04-11 11:00
389,-37.814413,144.979425,2020-04-11 8:00,-136118,521773,2020-04-11 8:00
389,-37.793484,144.898659,2020-04-11 9:00,-136324,521916,2020-04-11 9:00
389,-37.870704,144.983914,2020-04-11 10:00,-136123,521942,2020-04-11 10:00
389,-37.840041,144.936677,2020-04-11 11:00,-136222,521791,2020-04-11 11:00
389,-37.816634,144.993007,2020-04-11 12:01,-136050,521592,2020-04-11 12:00
389,-37.823695,144.906504,2020-04-11 13:01,-136118,521773,2020-04-11 13:00
389,-37.842836,144.961897,2020-04-11 14:01,-136168,521963,2020-04-11 14:00
389,-37.885982,145.082342,2020-04-11 15:01,-136188,521904,2020-04-11 15:00
389,-37.840885,144.926946,2020-04-11 16:02,-136647,522189,2020-04-11 16:00
390,-37.842836,144.961897,2020-04-11 7:05,-136228,521737,2020-04-11 7:00
390,-37.838711,144.94188,2020-04-11 7:10,-136247,521970,2020-04-11 7:00
391,-37.957262,145.052534,2020-04-11 7:40,-136324,521916,2020-04-11 7:00
392,-37.840041,144.936677,2020-04-11 7:15,-136514,522444,2020-04-11 7:00
392,-37.846138,144.991808,2020-04-11 7:31,-136166,521663,2020-04-11 7:00
392,-37.831744,144.9558,2020-04-11 7:46,-136230,521782,2020-04-11 7:00
392,-37.840885,144.926946,2020-04-11 8:02,-136188,521904,2020-04-11 8:00
392,-37.810351,144.93698,2020-04-11 8:17,-136166,521663,2020-04-11 8:00
392,-37.920419,145.123584,2020-04-11 8:33,-136208,522015,2020-04-11 8:00
392,-37.842836,144.961897,2020-04-11 8:48,-136106,521845,2020-04-11 8:00
393,-37.846138,144.991808,2020-04-11 7:42,-136324,521916,2020-04-11 7:00
393,-37.885982,145.082342,2020-04-11 8:25,-136225,521772,2020-04-11 8:00
393,-37.793484,144.898659,2020-04-11 9:08,-136225,521772,2020-04-11 9:00
393,-37.814413,144.979425,2020-04-11 9:51,-136132,521925,2020-04-11 9:00
393,-37.793484,144.898659,2020-04-11 10:34,-136514,522444,2020-04-11 10:00
393,-37.829811,144.973556,2020-04-11 11:17,-136514,522444,2020-04-11 11:00
393,-37.842836,144.961897,2020-04-11 11:59,-136022,521826,2020-04-11 11:00
393,-37.793484,144.898659,2020-04-11 12:42,-136235,521862,2020-04-11 12:00
393,-37.840885,144.926946,2020-04-11 13:25,-136168,521963,2020-04-11 13:00
393,-37.824406,144.989831,2020-04-11 14:08,-136166,521663,2020-04-11 14:00
394,-37.814413,144.979425,2020-04-11 10:15,-136091,521898,2020-04-11 10:00
394,-37.823695,144.906504,2020-04-11 13:31,-136166,521663,2020-04-11 13:00
395,-37.810351,144.93698,2020-04-11 8:06,-136157,521872,2020-04-11 8:00
395,-37.83546,145.004261,2020-04-11 9:13,-136390,522296,2020-04-11 9:00
395,-37.816634,144.993007,2020-04-11 10:19,-136022,521826,2020-04-11 10:00
395,-37.839331,144.942019,2020-04-11 11:26,-136647,522189,2020-04-11 11:00
395,-37.798343,144.960716,2020-04-11 12:32,-136335,521942,2020-04-11 12:00
395,-37.870704,144.983914,2020-04-11 13:39,-136050,521592,2020-04-11 13:00
396,-37.824406,144.989831,2020-04-11 7:37,-136188,521904,2020-04-11 7:00
396,-37.816634,144.993007,2020-04-11 8:15,-136123,521942,2020-04-11 8:00
396,-37.823695,144.906504,2020-04-11 8:52,-136022,521826,2020-04-11 8:00
397,-37.811778,144.98404,2020-04-11 8:40,-136228,521737,2020-04-11 8:00
397,-37.841619,144.939541,2020-04-11 10:20,-136247,521970,2020-04-11 10:00
397,-37.793484,144.898659,2020-04-11 12:01,-136166,521663,2020-04-11 12:00
397,-37.920419,145.123584,2020-04-11 13:41,-136195,521840,2020-04-11 13:00
398,-37.791539,144.886764,2020-04-11 8:45,-136188,521904,2020-04-11 8:00
398,-37.852894,144.87908,2020-04-11 10:30,-136140,521974,2020-04-11 10:00
399,-37.83546,145.004261,2020-04-11 10:43,-136222,521791,2020-04-11 10:00
399,-37.823695,144.906504,2020-04-11 14:26,-136075,521858,2020-04-11 14:00
399,-37.829811,144.973556,2020-04-11 18:09,-136157,521872,2020-04-11 18:00
400,-37.793484,144.898659,2020-04-11 8:50,-136647,522189,2020-04-11 8:00
400,-37.803018,144.971759,2020-04-11 10:40,-136222,521791,2020-04-11 10:00
400,-37.829811,144.973556,2020-04-11 12:30,-136514,522444,2020-04-11 12:00
400,-37.83546,145.004261,2020-04-11 14:20,-136106,521845,2020-04-11 14:00
400,-37.852894,144.87908,2020-04-11 16:10,-136166,521663,2020-04-11 16:00
401,-37.830296,144.973453,2020-04-11 8:10,-136075,521858,2020-04-11 8:00
401,-37.920419,145.123584,2020-04-11 9:21,-136247,521970,2020-04-11 9:00
401,-37.840041,144.936677,2020-04-11 10:32,-136168,521963,2020-04-11 10:00
401,-37.885982,145.082342,2020-04-11 11:43,-136022,521826,2020-04-11 11:00
401,-37.810351,144.93698,2020-04-11 12:54,-136271,521564,2020-04-11 12:00
402,-37.852894,144.87908,2020-04-11 8:18,-136324,521916,2020-04-11 8:00
402,-37.885982,145.082342,2020-04-11 9:37,-136647,522189,2020-04-11 9:00
402,-37.811778,144.98404,2020-04-11 10:56,-136075,521858,2020-04-11 10:00
402,-37.807062,144.957074,2020-04-11 12:15,-136225,521772,2020-04-11 12:00
402,-37.823695,144.906504,2020-04-11 13:34,-136390,522296,2020-04-11 13:00
402,-37.920419,145.123584,2020-04-11 14:53,-136228,521737,2020-04-11 14:00
402,-37.810351,144.93698,2020-04-11 16:12,-136022,521826,2020-04-11 16:00
403,-37.783753,144.951833,2020-04-11 7:41,-136208,522015,2020-04-11 7:00
403,-37.807062,144.957074,2020-04-11 8:22,-136195,521840,2020-04-11 8:00
403,-37.821132,144.964615,2020-04-11 9:03,-136050,521592,2020-04-11 9:00
403,-37.838711,144.94188,2020-04-11 9:45,-136271,521564,2020-04-11 9:00
403,-37.841619,144.939541,2020-04-11 10:26,-136208,522015,2020-04-11 10:00
403,-37.840041,144.936677,2020-04-11 11:07,-136235,521862,2020-04-11 11:00
403,-37.823695,144.906504,2020-04-11 11:49,-136118,521773,2020-04-11 11:00
403,-37.807062,144.957074,2020-04-11 12:30,-136230,521782,2020-04-11 12:00
403,-37.791539,144.886764,2020-04-11 13:11,-136091,521898,2020-04-11 13:00
404,-37.885982,145.082342,2020-04-11 7:20,-136118,521773,2020-04-11 7:00
404,-37.840041,144.936677,2020-04-11 7:40,-136123,521942,2020-04-11 7:00
404,-37.814413,144.979425,2020-04-11 8:00,-136118,521773,2020-04-11 8:00
404,-37.824406,144.989831,2020-04-11 8:20,-136106,521845,2020-04-11 8:00
404,-37.885982,145.082342,2020-04-11 8:40,-136220,521790,2020-04-11 8:00
404,-37.783753,144.951833,2020-04-11 9:00,-136166,521663,2020-04-11 9:00
404,-37.798343,144.960716,2020-04-11 9:20,-136132,521925,2020-04-11 9:00
404,-37.831744,144.9558,2020-04-11 9:40,-136106,521845,2020-04-11 9:00
405,-37.838711,144.94188,2020-04-11 7:24,-136075,521858,2020-04-11 7:00
405,-37.852894,144.87908,2020-04-11 7:49,-136168,521963,2020-04-11 7:00
406,-37.839331,144.942019,2020-04-11 8:04,-136166,521663,2020-04-11 8:00
406,-37.957262,145.052534,2020-04-11 9:08,-136106,521845,2020-04-11 9:00
406,-37.821132,144.964615,2020-04-11 10:13,-136390,522296,2020-04-11 10:00
406,-37.823695,144.906504,2020-04-11 11:17,-136225,521772,2020-04-11 11:00
406,-37.870704,144.983914,2020-04-11 12:21,-136118,521773,2020-04-11 12:00
406,-37.798343,144.960716,2020-04-11 13:26,-136091,521898,2020-04-11 13:00
406,-37.823695,144.906504,2020-04-11 14:30,-136335,521942,2020-04-11 14:00
406,-37.840041,144.936677,2020-04-11 15:34,-136220,521790,2020-04-11 15:00
406,-37.814413,144.979425,2020-04-11 16:39,-136166,521663,2020-04-11 16:00
406,-37.840885,144.926946,2020-04-11 17:43,-136091,521898,2020-04-11 17:00
407,-37.798343,144.960716,2020-04-11 8:29,-136230,521782,2020-04-11 8:00
407,-37.842836,144.961897,2020-04-11 9:58,-136123,521942,2020-04-11 9:00
407,-37.829811,144.973556,2020-04-11 11:27,-136228,521737,2020-04-11 11:00
407,-37.829811,144.973556,2020-04-11 12:56,-136324,521916,2020-04-11 12:00
407,-37.885982,145.082342,2020-04-11 14:25,-136188,521904,2020-04-11 14:00
407,-37.885982,145.082342,2020-04-11 15:55,-136118,521773,2020-04-11 15:00
407,-37.842836,144.961897,2020-04-11 17:24,-136335,521942,2020-04-11 17:00
407,-37.803018,144.971759,2020-04-11 18:53,-136106,521845,2020-04-11 18:00
408,-37.842836,144.961897,2020-04-11 12:46,-136514,522444,2020-04-11 12:00
408,-37.830296,144.973453,2020-04-11 18:32,-136222,521791,2020-04-11 18:00
409,-37.841619,144.939541,2020-04-11 7:31,-136022,521826,2020-04-11 7:00
409,-37.811778,144.98404,2020-04-11 8:03,-136230,521782,2020-04-11 8:00
409,-37.840885,144.926946,2020-04-11 8:34,-136324,521916,2020-04-11 8:00
409,-37.840041,144.936677,2020-04-11 9:06,-136228,521737,2020-04-11 9:00
409,-37.831744,144.9558,2020-04-11 9:37,-136271,521564,2020-04-11 9:00
409,-37.840885,144.926946,2020-04-11 10:09,-136050,521592,2020-04-11 10:00
409,-37.811778,144.98404,2020-04-11 10:41,-136022,521826,2020-04-11 10:00
409,-37.823695,144.906504,2020-04-11 11:12,-136188,521904,2020-04-11 11:00
409,-37.867555,144.976864,2020-04-11 11:44,-136168,521963,2020-04-11 11:00
409,-37.839331,144.942019,2020-04-11 12:15,-136514,522444,2020-04-11 12:00
410,-37.839331,144.942019,2020-04-11 7:38,-136157,521872,2020-04-11 7:00
410,-37.839331,144.942019,2020-04-11 8:16,-136050,521592,2020-04-11 8:00
410,-37.838711,144.94188,2020-04-11 8:55,-136228,521737,2020-04-11 8:00
410,-37.829811,144.973556,2020-04-11 9:33,-136022,521826,2020-04-11 9:00
410,-37.870704,144.983914,2020-04-11 10:12,-136228,521737,2020-04-11 10:00
410,-37.867555,144.976864,2020-04-11 10:50,-136118,521773,2020-04-11 10:00
410,-37.803018,144.971759,2020-04-11 11:29,-136106,521845,2020-04-11 11:00
410,-37.831744,144.9558,2020-04-11 12:07,-136190,521904,2020-04-11 12:00
411,-37.791539,144.886764,2020-04-11 17:10,-136228,521737,2020-04-11 17:00
412,-37.798343,144.960716,2020-04-11 9:53,-136190,521904,2020-04-11 9:00
412,-37.791539,144.886764,2020-04-11 12:46,-136324,521916,2020-04-11 12:00
413,-37.821132,144.964615,2020-04-11 7:02,-136050,521592,2020-04-11 7:00
413,-37.829811,144.973556,2020-04-11 7:04,-136075,521858,2020-04-11 7:00
413,-37.803018,144.971759,2020-04-11 7:06,-136230,521782,2020-04-11 7:00
413,-37.846138,144.991808,2020-04-11 7:08,-136190,521904,2020-04-11 7:00
413,-37.842836,144.961897,2020-04-11 7:11,-136222,521791,2020-04-11 7:00
413,-37.798343,144.960716,2020-04-11 7:13,-136166,521663,2020-04-11 7:00
413,-37.793484,144.898659,2020-04-11 7:15,-136195,521840,2020-04-11 7:00
413,-37.803018,144.971759,2020-04-11 7:17,-136106,521845,2020-04-11 7:00
413,-37.852894,144.87908,2020-04-11 7:20,-136022,521826,2020-04-11 7:00
413,-37.821132,144.964615,2020-04-11 7:22,-136166,521663,2020-04-11 7:00
414,-37.823695,144.906504,2020-04-11 8:01,-136123,521942,2020-04-11 8:00
414,-37.842836,144.961897,2020-04-11 9:02,-136157,521872,2020-04-11 9:00
414,-37.83546,145.004261,2020-04-11 10:03,-136057,521635,2020-04-11 10:00
414,-37.885982,145.082342,2020-04-11 11:04,-136106,521845,2020-04-11 11:00
414,-37.793484,144.898659,2020-04-11 12:05,-136075,521858,2020-04-11 12:00
415,-37.840885,144.926946,2020-04-11 7:59,-136132,521925,2020-04-11 7:00
415,-37.783753,144.951833,2020-04-11 8:59,-136188,521904,2020-04-11 8:00
415,-37.830296,144.973453,2020-04-11 9:59,-136166,521663,2020-04-11 9:00
415,-37.83546,145.004261,2020-04-11 10:59,-136140,521974,2020-04-11 10:00
415,-37.870704,144.983914,2020-04-11 11:59,-136335,521942,2020-04-11 11:00
415,-37.814413,144.979425,2020-04-11 12:59,-136324,521916,2020-04-11 12:00
415,-37.791539,144.886764,2020-04-11 13:59,-136140,521974,2020-04-11 13:00
416,-37.870704,144.983914,2020-04-11 8:06,-136091,521898,2020-04-11 8:00
416,-37.816634,144.993007,2020-04-11 9:13,-136324,521916,2020-04-11 9:00
416,-37.831744,144.9558,2020-04-11 10:20,-136335,521942,2020-04-11 10:00
416,-37.846138,144.991808,2020-04-11 11:27,-136022,521826,2020-04-11 11:00
416,-37.793484,144.898659,2020-04-11 12:34,-136106,521845,2020-04-11 12:00
416,-37.840041,144.936677,2020-04-11 13:41,-136220,521790,2020-04-11 13:00
416,-37.814413,144.979425,2020-04-11 14:48,-136057,521635,2020-04-11 14:00
416,-37.821132,144.964615,2020-04-11 15:55,-136190,521904,2020-04-11 15:00
417,-37.841619,144.939541,2020-04-11 7:45,-136057,521635,2020-04-11 7:00
417,-37.791539,144.886764,2020-04-11 8:30,-136647,522189,2020-04-11 8:00
417,-37.920419,145.123584,2020-04-11 9:15,-136091,521898,2020-04-11 9:00
417,-37.957262,145.052534,2020-04-11 10:00,-136220,521790,2020-04-11 10:00
417,-37.840041,144.936677,2020-04-11 10:45,-136168,521963,2020-04-11 10:00
417,-37.816634,144.993007,2020-04-11 11:30,-136324,521916,2020-04-11 11:00
417,-37.810351,144.93698,2020-04-11 12:15,-136057,521635,2020-04-11 12:00
417,-37.852894,144.87908,2020-04-11 13:00,-136390,522296,2020-04-11 13:00
418,-37.870704,144.983914,2020-04-11 7:49,-136247,521970,2020-04-11 7:00
418,-37.867555,144.976864,2020-04-11 8:39,-136220,521790,2020-04-11 8:00
418,-37.821132,144.964615,2020-04-11 9:29,-136166,521663,2020-04-11 9:00
418,-37.791539,144.886764,2020-04-11 10:19,-136208,522015,2020-04-11 10:00
418,-37.824406,144.989831,2020-04-11 11:09,-136230,521782,2020-04-11 11:00
418,-37.83546,145.004261,2020-04-11 11:59,-136225,521772,2020-04-11 11:00
418,-37.830296,144.973453,2020-04-11 12:49,-136123,521942,2020-04-11 12:00
419,-37.814413,144.979425,2020-04-11 8:52,-136228,521737,2020-04-11 8:00
419,-37.841619,144.939541,2020-04-11 10:45,-136390,522296,2020-04-11 10:00
419,-37.830296,144.973453,2020-04-11 12:37,-136208,522015,2020-04-11 12:00
420,-37.870704,144.983914,2020-04-11 7:39,-136235,521862,2020-04-11 7:00
420,-37.838711,144.94188,2020-04-11 8:19,-136057,521635,2020-04-11 8:00
420,-37.823695,144.906504,2020-04-11 8:59,-136118,521773,2020-04-11 8:00
420,-37.816634,144.993007,2020-04-11 9:38,-136188,521904,2020-04-11 9:00
421,-37.814413,144.979425,2020-04-11 7:09,-136057,521635,2020-04-11 7:00
421,-37.842836,144.961897,2020-04-11 7:19,-136247,521970,2020-04-11 7:00
422,-37.841619,144.939541,2020-04-11 7:28,-136647,522189,2020-04-11 7:00
422,-37.842836,144.961897,2020-04-11 7:55,-136118,521773,2020-04-11 7:00
422,-37.791539,144.886764,2020-04-11 8:23,-136190,521904,2020-04-11 8:00
422,-37.852894,144.87908,2020-04-11 8:51,-136230,521782,2020-04-11 8:00
422,-37.840041,144.936677,2020-04-11 9:19,-136230,521782,2020-04-11 9:00
422,-37.839331,144.942019,2020-04-11 9:47,-136075,521858,2020-04-11 9:00
422,-37.831744,144.9558,2020-04-11 10:15,-136195,521840,2020-04-11 10:00
422,-37.824406,144.989831,2020-04-11 10:43,-136324,521916,2020-04-11 10:00
422,-37.793484,144.898659,2020-04-11 11:11,-136247,521970,2020-04-11 11:00
422,-37.807062,144.957074,2020-04-11 11:39,-136390,522296,2020-04-11 11:00
423,-37.829811,144.973556,2020-04-11 7:33,-136057,521635,2020-04-11 7:00
423,-37.840885,144.926946,2020-04-11 8:07,-136324,521916,2020-04-11 8:00
423,-37.885982,145.082342,2020-04-11 8:40,-136091,521898,2020-04-11 8:00
423,-37.841619,144.939541,2020-04-11 9:14,-136514,522444,2020-04-11 9:00
423,-37.823695,144.906504,2020-04-11 9:48,-136057,521635,2020-04-11 9:00
423,-37.814413,144.979425,2020-04-11 10:21,-136166,521663,2020-04-11 10:00
423,-37.810351,144.93698,2020-04-11 10:55,-136118,521773,2020-04-11 10:00
423,-37.807062,144.957074,2020-04-11 11:29,-136140,521974,2020-04-11 11:00
424,-37.824406,144.989831,2020-04-11 7:30,-136390,522296,2020-04-11 7:00
424,-37.867555,144.976864,2020-04-11 8:00,-136390,522296,2020-04-11 8:00
424,-37.867555,144.976864,2020-04-11 8:30,-136647,522189,2020-04-11 8:00
424,-37.885982,145.082342,2020-04-11 9:01,-136647,522189,2020-04-11 9:00
424,-37.885982,145.082342,2020-04-11 9:31,-136190,521904,2020-04-11 9:00
424,-37.870704,144.983914,2020-04-11 10:01,-136140,521974,2020-04-11 10:00
425,-37.807062,144.957074,2020-04-11 7:55,-136220,521790,2020-04-11 7:00
425,-37.920419,145.123584,2020-04-11 8:50,-136057,521635,2020-04-11 8:00
425,-37.821132,144.964615,2020-04-11 9:46,-136123,521942,2020-04-11 9:00
425,-37.810351,144.93698,2020-04-11 10:41,-136271,521564,2020-04-11 10:00
425,-37.840041,144.936677,2020-04-11 11:37,-136132,521925,2020-04-11 11:00
425,-37.803018,144.971759,2020-04-11 12:32,-136208,522015,2020-04-11 12:00
425,-37.803018,144.971759,2020-04-11 13:27,-136075,521858,2020-04-11 13:00
425,-37.824406,144.989831,2020-04-11 14:23,-136230,521782,2020-04-11 14:00
425,-37.840041,144.936677,2020-04-11 15:18,-136091,521898,2020-04-11 15:00
425,-37.83546,145.004261,2020-04-11 16:14,-136132,521925,2020-04-11 16:00
426,-37.831744,144.9558,2020-04-11 7:47,-136022,521826,2020-04-11 7:00
426,-37.803018,144.971759,2020-04-11 8:35,-136057,521635,2020-04-11 8:00
426,-37.830296,144.973453,2020-04-11 9:23,-136190,521904,2020-04-11 9:00
426,-37.842836,144.961897,2020-04-11 10:11,-136140,521974,2020-04-11 10:00
426,-37.824406,144.989831,2020-04-11 10:58,-136091,521898,2020-04-11 10:00
426,-37.823695,144.906504,2020-04-11 11:46,-136022,521826,2020-04-11 11:00
426,-37.920419,145.123584,2020-04-11 12:34,-136057,521635,2020-04-11 12:00
426,-37.867555,144.976864,2020-04-11 13:22,-136050,521592,2020-04-11 13:00
427,-37.920419,145.123584,2020-04-11 8:07,-136106,521845,2020-04-11 8:00
428,-37.842836,144.961897,2020-04-11 7:18,-136123,521942,2020-04-11 7:00
428,-37.793484,144.898659,2020-04-11 7:36,-136075,521858,2020-04-11 7:00
428,-37.793484,144.898659,2020-04-11 7:54,-136271,521564,2020-04-11 7:00
428,-37.839331,144.942019,2020-04-11 8:12,-136208,522015,2020-04-11 8:00
428,-37.870704,144.983914,2020-04-11 8:30,-136647,522189,2020-04-11 8:00
428,-37.885982,145.082342,2020-04-11 8:48,-136247,521970,2020-04-11 8:00
428,-37.885982,145.082342,2020-04-11 9:06,-136106,521845,2020-04-11 9:00
428,-37.823695,144.906504,2020-04-11 9:24,-136190,521904,2020-04-11 9:00
429,-37.830296,144.973453,2020-04-11 8:46,-136050,521592,2020-04-11 8:00
429,-37.811778,144.98404,2020-04-11 10:33,-136188,521904,2020-04-11 10:00
430,-37.841619,144.939541,2020-04-11 7:40,-136230,521782,2020-04-11 7:00
430,-37.870704,144.983914,2020-04-11 8:21,-136647,522189,2020-04-11 8:00
430,-37.798343,144.960716,2020-04-11 9:02,-136647,522189,2020-04-11 9:00
430,-37.810351,144.93698,2020-04-11 9:43,-136208,522015,2020-04-11 9:00
430,-37.811778,144.98404,2020-04-11 10:24,-136132,521925,2020-04-11 10:00
430,-37.831744,144.9558,2020-04-11 11:04,-136247,521970,2020-04-11 11:00
430,-37.840041,144.936677,2020-04-11 11:45,-136132,521925,2020-04-11 11:00
430,-37.814413,144.979425,2020-04-11 12:26,-136647,522189,2020-04-11 12:00
430,-37.814413,144.979425,2020-04-11 13:07,-136208,522015,2020-04-11 13:00
430,-37.798343,144.960716,2020-04-11 13:48,-136390,522296,2020-04-11 13:00
431,-37.842836,144.961897,2020-04-11 7:17,-136647,522189,2020-04-11 7:00
431,-37.839331,144.942019,2020-04-11 7:35,-136228,521737,2020-04-11 7:00
431,-37.839331,144.942019,2020-04-11 7:53,-136208,522015,2020-04-11 7:00
431,-37.885982,145.082342,2020-04-11 8:11,-136208,522015,2020-04-11 8:00
431,-37.852894,144.87908,2020-04-11 8:29,-136190,521904,2020-04-11 8:00
432,-37.839331,144.942019,2020-04-11 9:37,-136228,521737,2020-04-11 9:00
432,-37.846138,144.991808,2020-04-11 12:15,-136118,521773,2020-04-11 12:00
432,-37.803018,144.971759,2020-04-11 14:53,-136390,522296,2020-04-11 14:00
433,-37.885982,145.082342,2020-04-11 10:10,-136647,522189,2020-04-11 10:00
433,-37.830296,144.973453,2020-04-11 13:21,-136022,521826,2020-04-11 13:00
434,-37.957262,145.052534,2020-04-11 8:36,-136324,521916,2020-04-11 8:00
434,-37.867555,144.976864,2020-04-11 10:12,-136235,521862,2020-04-11 10:00
434,-37.823695,144.906504,2020-04-11 11:49,-136091,521898,2020-04-11 11:00
434,-37.920419,145.123584,2020-04-11 13:25,-136050,521592,2020-04-11 13:00
434,-37.814413,144.979425,2020-04-11 15:02,-136335,521942,2020-04-11 15:00
434,-37.798343,144.960716,2020-04-11 16:38,-136132,521925,2020-04-11 16:00
434,-37.811778,144.98404,2020-04-11 18:15,-136195,521840,2020-04-11 18:00
435,-37.831744,144.9558,2020-04-11 8:07,-136222,521791,2020-04-11 8:00
435,-37.803018,144.971759,2020-04-11 9:15,-136188,521904,2020-04-11 9:00
435,-37.957262,145.052534,2020-04-11 10:23,-136235,521862,2020-04-11 10:00
435,-37.840885,144.926946,2020-04-11 11:31,-136075,521858,2020-04-11 11:00
436,-37.840041,144.936677,2020-04-11 7:16,-136247,521970,2020-04-11 7:00
436,-37.824406,144.989831,2020-04-11 7:32,-136247,521970,2020-04-11 7:00
436,-37.811778,144.98404,2020-04-11 7:49,-136168,521963,2020-04-11 7:00
436,-37.823695,144.906504,2020-04-11 8:05,-136166,521663,2020-04-11 8:00
436,-37.870704,144.983914,2020-04-11 8:22,-136222,521791,2020-04-11 8:00
436,-37.957262,145.052534,2020-04-11 8:38,-136235,521862,2020-04-11 8:00
436,-37.841619,144.939541,2020-04-11 8:55,-136514,522444,2020-04-11 8:00
436,-37.83546,145.004261,2020-04-11 9:11,-136091,521898,2020-04-11 9:00
437,-37.829811,144.973556,2020-04-11 7:58,-136230,521782,2020-04-11 7:00
437,-37.791539,144.886764,2020-04-11 8:56,-136390,522296,2020-04-11 8:00
437,-37.793484,144.898659,2020-04-11 9:54,-136050,521592,2020-04-11 9:00
437,-37.867555,144.976864,2020-04-11 10:52,-136222,521791,2020-04-11 10:00
437,-37.821132,144.964615,2020-04-11 11:50,-136222,521791,2020-04-11 11:00
437,-37.957262,145.052534,2020-04-11 12:48,-136514,522444,2020-04-11 12:00
437,-37.840885,144.926946,2020-04-11 13:46,-136390,522296,2020-04-11 13:00
438,-37.867555,144.976864,2020-04-11 10:05,-136118,521773,2020-04-11 10:00
438,-37.816634,144.993007,2020-04-11 13:11,-136230,521782,2020-04-11 13:00
438,-37.838711,144.94188,2020-04-11 16:17,-136647,522189,2020-04-11 16:00
439,-37.885982,145.082342,2020-04-11 15:15,-136335,521942,2020-04-11 15:00
440,-37.783753,144.951833,2020-04-11 9:39,-136132,521925,2020-04-11 9:00
440,-37.83546,145.004261,2020-04-11 12:18,-136335,521942,2020-04-11 12:00
440,-37.810351,144.93698,2020-04-11 14:57,-136235,521862,2020-04-11 14:00
440,-37.839331,144.942019,2020-04-11 17:36,-136050,521592,2020-04-11 17:00
441,-37.846138,144.991808,2020-04-11 8:12,-136106,521845,2020-04-11 8:00
441,-37.811778,144.98404,2020-04-11 9:24,-136188,521904,2020-04-11 9:00
441,-37.957262,145.052534,2020-04-11 10:37,-136132,521925,2020-04-11 10:00
441,-37.811778,144.98404,2020-04-11 11:49,-136188,521904,2020-04-11 11:00
442,-37.852894,144.87908,2020-04-11 7:45,-136324,521916,2020-04-11 7:00
442,-37.814413,144.979425,2020-04-11 8:31,-136225,521772,2020-04-11 8:00
442,-37.83546,145.004261,2020-04-11 9:17,-136190,521904,2020-04-11 9:00
443,-37.870704,144.983914,2020-04-11 8:18,-136647,522189,2020-04-11 8:00
443,-37.821132,144.964615,2020-04-11 9:37,-136235,521862,2020-04-11 9:00
443,-37.852894,144.87908,2020-04-11 10:56,-136132,521925,2020-04-11 10:00
444,-37.821132,144.964615,2020-04-11 7:50,-136324,521916,2020-04-11 7:00
444,-37.830296,144.973453,2020-04-11 8:40,-136225,521772,2020-04-11 8:00
444,-37.823695,144.906504,2020-04-11 9:30,-136140,521974,2020-04-11 9:00
444,-37.846138,144.991808,2020-04-11 10:20,-136247,521970,2020-04-11 10:00
444,-37.885982,145.082342,2020-04-11 11:10,-136106,521845,2020-04-11 11:00
444,-37.811778,144.98404,2020-04-11 12:00,-136208,522015,2020-04-11 12:00
444,-37.885982,145.082342,2020-04-11 12:50,-136228,521737,2020-04-11 12:00
444,-37.867555,144.976864,2020-04-11 13:40,-136208,522015,2020-04-11 13:00
444,-37.798343,144.960716,2020-04-11 14:30,-136132,521925,2020-04-11 14:00
445,-37.83546,145.004261,2020-04-11 8:47,-136228,521737,2020-04-11 8:00
445,-37.840885,144.926946,2020-04-11 10:34,-136390,522296,2020-04-11 10:00
445,-37.811778,144.98404,2020-04-11 12:21,-136228,521737,2020-04-11 12:00
445,-37.803018,144.971759,2020-04-11 14:08,-136271,521564,2020-04-11 14:00
445,-37.846138,144.991808,2020-04-11 15:55,-136190,521904,2020-04-11 15:00
445,-37.793484,144.898659,2020-04-11 17:43,-136132,521925,2020-04-11 17:00
446,-37.920419,145.123584,2020-04-11 7:26,-136050,521592,2020-04-11 7:00
446,-37.838711,144.94188,2020-04-11 7:52,-136075,521858,2020-04-11 7:00
446,-37.920419,145.123584,2020-04-11 8:18,-136230,521782,2020-04-11 8:00
447,-37.885982,145.082342,2020-04-11 7:16,-136271,521564,2020-04-11 7:00
447,-37.867555,144.976864,2020-04-11 7:33,-136168,521963,2020-04-11 7:00
447,-37.798343,144.960716,2020-04-11 7:50,-136324,521916,2020-04-11 7:00
448,-37.839331,144.942019,2020-04-11 7:04,-136157,521872,2020-04-11 7:00
448,-37.803018,144.971759,2020-04-11 7:08,-136230,521782,2020-04-11 7:00
448,-37.838711,144.94188,2020-04-11 7:12,-136022,521826,2020-04-11 7:00
448,-37.803018,144.971759,2020-04-11 7:16,-136188,521904,2020-04-11 7:00
448,-37.838711,144.94188,2020-04-11 7:20,-136208,522015,2020-04-11 7:00
448,-37.791539,144.886764,2020-04-11 7:24,-136157,521872,2020-04-11 7:00
448,-37.83546,145.004261,2020-04-11 7:28,-136166,521663,2020-04-11 7:00
448,-37.840041,144.936677,2020-04-11 7:32,-136230,521782,2020-04-11 7:00
448,-37.831744,144.9558,2020-04-11 7:36,-136235,521862,2020-04-11 7:00
448,-37.823695,144.906504,2020-04-11 7:40,-136190,521904,2020-04-11 7:00
449,-37.957262,145.052534,2020-04-11 9:23,-136335,521942,2020-04-11 9:00
449,-37.816634,144.993007,2020-04-11 11:47,-136106,521845,2020-04-11 11:00
450,-37.885982,145.082342,2020-04-11 8:46,-136075,521858,2020-04-11 8:00
450,-37.783753,144.951833,2020-04-11 10:32,-136106,521845,2020-04-11 10:00
450,-37.823695,144.906504,2020-04-11 12:18,-136140,521974,2020-04-11 12:00
451,-37.957262,145.052534,2020-04-11 7:03,-136050,521592,2020-04-11 7:00
451,-37.798343,144.960716,2020-04-11 7:07,-136050,521592,2020-04-11 7:00
452,-37.870704,144.983914,2020-04-11 7:27,-136228,521737,2020-04-11 7:00
452,-37.841619,144.939541,2020-04-11 7:55,-136123,521942,2020-04-11 7:00
452,-37.841619,144.939541,2020-04-11 8:23,-136157,521872,2020-04-11 8:00
452,-37.823695,144.906504,2020-04-11 8:50,-136132,521925,2020-04-11 8:00
452,-37.810351,144.93698,2020-04-11 9:18,-136220,521790,2020-04-11 9:00
452,-37.870704,144.983914,2020-04-11 9:46,-136208,522015,2020-04-11 9:00
452,-37.830296,144.973453,2020-04-11 10:13,-136228,521737,2020-04-11 10:00
452,-37.803018,144.971759,2020-04-11 10:41,-136222,521791,2020-04-11 10:00
452,-37.838711,144.94188,2020-04-11 11:09,-136230,521782,2020-04-11 11:00
453,-37.838711,144.94188,2020-04-11 7:59,-136514,522444,2020-04-11 7:00
453,-37.841619,144.939541,2020-04-11 8:57,-136220,521790,2020-04-11 8:00
454,-37.852894,144.87908,2020-04-11 7:38,-136157,521872,2020-04-11 7:00
454,-37.885982,145.082342,2020-04-11 8:17,-136123,521942,2020-04-11 8:00
454,-37.824406,144.989831,2020-04-11 8:55,-136075,521858,2020-04-11 8:00
454,-37.816634,144.993007,2020-04-11 9:34,-136647,522189,2020-04-11 9:00
454,-37.842836,144.961897,2020-04-11 10:12,-136647,522189,2020-04-11 10:00
454,-37.811778,144.98404,2020-04-11 10:51,-136390,522296,2020-04-11 10:00
454,-37.811778,144.98404,2020-04-11 11:29,-136091,521898,2020-04-11 11:00
454,-37.793484,144.898659,2020-04-11 12:08,-136166,521663,2020-04-11 12:00
455,-37.829811,144.973556,2020-04-11 8:11,-136208,522015,2020-04-11 8:00
455,-37.83546,145.004261,2020-04-11 9:22,-136514,522444,2020-04-11 9:00
455,-37.829811,144.973556,2020-04-11 10:33,-136271,521564,2020-04-11 10:00
455,-37.839331,144.942019,2020-04-11 11:44,-136230,521782,2020-04-11 11:00
455,-37.867555,144.976864,2020-04-11 12:55,-136235,521862,2020-04-11 12:00
455,-37.920419,145.123584,2020-04-11 14:06,-136022,521826,2020-04-11 14:00
455,-37.870704,144.983914,2020-04-11 15:17,-136157,521872,2020-04-11 15:00
455,-37.920419,145.123584,2020-04-11 16:28,-136106,521845,2020-04-11 16:00
456,-37.852894,144.87908,2020-04-11 8:23,-136123,521942,2020-04-11 8:00
456,-37.793484,144.898659,2020-04-11 9:47,-136188,521904,2020-04-11 9:00
456,-37.840041,144.936677,2020-04-11 11:11,-136324,521916,2020-04-11 11:00
456,-37.798343,144.960716,2020-04-11 12:35,-136106,521845,2020-04-11 12:00
456,-37.831744,144.9558,2020-04-11 13:58,-136057,521635,2020-04-11 13:00
456,-37.885982,145.082342,2020-04-11 15:22,-136647,522189,2020-04-11 15:00
456,-37.83546,145.004261,2020-04-11 16:46,-136188,521904,2020-04-11 16:00
457,-37.885982,145.082342,2020-04-11 8:30,-136230,521782,2020-04-11 8:00
457,-37.870704,144.983914,2020-04-11 10:01,-136222,521791,2020-04-11 10:00
457,-37.852894,144.87908,2020-04-11 11:31,-136157,521872,2020-04-11 11:00
457,-37.852894,144.87908,2020-04-11 13:02,-136118,521773,2020-04-11 13:00
457,-37.831744,144.9558,2020-04-11 14:32,-136123,521942,2020-04-11 14:00
457,-37.824406,144.989831,2020-04-11 16:03,-136195,521840,2020-04-11 16:00
458,-37.824406,144.989831,2020-04-11 7:10,-136195,521840,2020-04-11 7:00
458,-37.840885,144.926946,2020-04-11 7:20,-136208,522015,2020-04-11 7:00
458,-37.798343,144.960716,2020-04-11 7:30,-136220,521790,2020-04-11 7:00
458,-37.838711,144.94188,2020-04-11 7:40,-136222,521791,2020-04-11 7:00
458,-37.840041,144.936677,2020-04-11 7:50,-136157,521872,2020-04-11 7:00
458,-37.798343,144.960716,2020-04-11 8:00,-136271,521564,2020-04-11 8:00
458,-37.867555,144.976864,2020-04-11 8:10,-136222,521791,2020-04-11 8:00
458,-37.823695,144.906504,2020-04-11 8:20,-136118,521773,2020-04-11 8:00
458,-37.839331,144.942019,2020-04-11 8:30,-136514,522444,2020-04-11 8:00
459,-37.830296,144.973453,2020-04-11 7:34,-136514,522444,2020-04-11 7:00
459,-37.791539,144.886764,2020-04-11 8:09,-136208,522015,2020-04-11 8:00
459,-37.841619,144.939541,2020-04-11 8:44,-136228,521737,2020-04-11 8:00
459,-37.852894,144.87908,2020-04-11 9:19,-136168,521963,2020-04-11 9:00
459,-37.885982,145.082342,2020-04-11 9:54,-136271,521564,2020-04-11 9:00
460,-37.816634,144.993007,2020-04-11 8:26,-136390,522296,2020-04-11 8:00
460,-37.920419,145.123584,2020-04-11 9:53,-136390,522296,2020-04-11 9:00
461,-37.852894,144.87908,2020-04-11 7:29,-136220,521790,2020-04-11 7:00
461,-37.811778,144.98404,2020-04-11 7:58,-136057,521635,2020-04-11 7:00
461,-37.811778,144.98404,2020-04-11 8:28,-136335,521942,2020-04-11 8:00
461,-37.842836,144.961897,2020-04-11 8:57,-136335,521942,2020-04-11 8:00
461,-37.920419,145.123584,2020-04-11 9:27,-136220,521790,2020-04-11 9:00
461,-37.840041,144.936677,2020-04-11 9:56,-136157,521872,2020-04-11 9:00
461,-37.839331,144.942019,2020-04-11 10:25,-136050,521592,2020-04-11 10:00
461,-37.811778,144.98404,2020-04-11 10:55,-136230,521782,2020-04-11 10:00
461,-37.807062,144.957074,2020-04-11 11:24,-136132,521925,2020-04-11 11:00
461,-37.841619,144.939541,2020-04-11 11:54,-136390,522296,2020-04-11 11:00
462,-37.803018,144.971759,2020-04-11 8:01,-136225,521772,2020-04-11 8:00
462,-37.841619,144.939541,2020-04-11 9:03,-136228,521737,2020-04-11 9:00
462,-37.839331,144.942019,2020-04-11 10:05,-136188,521904,2020-04-11 10:00
462,-37.840885,144.926946,2020-04-11 11:06,-136514,522444,2020-04-11 11:00
463,-37.842836,144.961897,2020-04-11 9:45,-136190,521904,2020-04-11 9:00
463,-37.920419,145.123584,2020-04-11 12:30,-136195,521840,2020-04-11 12:00
463,-37.840041,144.936677,2020-04-11 15:15,-136188,521904,2020-04-11 15:00
463,-37.814413,144.979425,2020-04-11 18:01,-136140,521974,2020-04-11 18:00
464,-37.870704,144.983914,2020-04-11 8:14,-136324,521916,2020-04-11 8:00
464,-37.807062,144.957074,2020-04-11 9:29,-136057,521635,2020-04-11 9:00
464,-37.814413,144.979425,2020-04-11 10:44,-136235,521862,2020-04-11 10:00
464,-37.816634,144.993007,2020-04-11 11:59,-136157,521872,2020-04-11 11:00
464,-37.831744,144.9558,2020-04-11 13:14,-136230,521782,2020-04-11 13:00
465,-37.823695,144.906504,2020-04-11 7:33,-136118,521773,2020-04-11 7:00
465,-37.920419,145.123584,2020-04-11 8:07,-136057,521635,2020-04-11 8:00
465,-37.852894,144.87908,2020-04-11 8:41,-136140,521974,2020-04-11 8:00
465,-37.783753,144.951833,2020-04-11 9:14,-136140,521974,2020-04-11 9:00
465,-37.823695,144.906504,2020-04-11 9:48,-136247,521970,2020-04-11 9:00
465,-37.920419,145.123584,2020-04-11 10:22,-136228,521737,2020-04-11 10:00
465,-37.783753,144.951833,2020-04-11 10:56,-136195,521840,2020-04-11 10:00
466,-37.798343,144.960716,2020-04-11 7:04,-136235,521862,2020-04-11 7:00
466,-37.814413,144.979425,2020-04-11 7:08,-136220,521790,2020-04-11 7:00
466,-37.811778,144.98404,2020-04-11 7:12,-136225,521772,2020-04-11 7:00
466,-37.814413,144.979425,2020-04-11 7:16,-136118,521773,2020-04-11 7:00
466,-37.783753,144.951833,2020-04-11 7:20,-136166,521663,2020-04-11 7:00
466,-37.852894,144.87908,2020-04-11 7:24,-136123,521942,2020-04-11 7:00
467,-37.793484,144.898659,2020-04-11 7:59,-136228,521737,2020-04-11 7:00
467,-37.807062,144.957074,2020-04-11 8:59,-136188,521904,2020-04-11 8:00
467,-37.831744,144.9558,2020-04-11 9:58,-136271,521564,2020-04-11 9:00
467,-37.810351,144.93698,2020-04-11 10:58,-136208,522015,2020-04-11 10:00
467,-37.793484,144.898659,2020-04-11 11:57,-136335,521942,2020-04-11 11:00
468,-37.824406,144.989831,2020-04-11 7:55,-136225,521772,2020-04-11 7:00
468,-37.823695,144.906504,2020-04-11 8:50,-136157,521872,2020-04-11 8:00
468,-37.841619,144.939541,2020-04-11 9:45,-136123,521942,2020-04-11 9:00
468,-37.867555,144.976864,2020-04-11 10:40,-136123,521942,2020-04-11 10:00
469,-37.838711,144.94188,2020-04-11 8:03,-136271,521564,2020-04-11 8:00
469,-37.811778,144.98404,2020-04-11 9:06,-136220,521790,2020-04-11 9:00
469,-37.783753,144.951833,2020-04-11 10:09,-136225,521772,2020-04-11 10:00
469,-37.842836,144.961897,2020-04-11 11:12,-136118,521773,2020-04-11 11:00
470,-37.798343,144.960716,2020-04-11 9:25,-136166,521663,2020-04-11 9:00
471,-37.870704,144.983914,2020-04-11 7:22,-136195,521840,2020-04-11 7:00
471,-37.885982,145.082342,2020-04-11 7:45,-136140,521974,2020-04-11 7:00
471,-37.831744,144.9558,2020-04-11 8:08,-136118,521773,2020-04-11 8:00
471,-37.783753,144.951833,2020-04-11 8:31,-136235,521862,2020-04-11 8:00
471,-37.798343,144.960716,2020-04-11 8:54,-136514,522444,2020-04-11 8:00
471,-37.840041,144.936677,2020-04-11 9:17,-136091,521898,2020-04-11 9:00
471,-37.831744,144.9558,2020-04-11 9:40,-136324,521916,2020-04-11 9:00
472,-37.920419,145.123584,2020-04-11 8:28,-136106,521845,2020-04-11 8:00
472,-37.957262,145.052534,2020-04-11 9:57,-136157,521872,2020-04-11 9:00
472,-37.798343,144.960716,2020-04-11 11:25,-136091,521898,2020-04-11 11:00
472,-37.807062,144.957074,2020-04-11 12:54,-136190,521904,2020-04-11 12:00
472,-37.810351,144.93698,2020-04-11 14:23,-136168,521963,2020-04-11 14:00
472,-37.816634,144.993007,2020-04-11 15:51,-136106,521845,2020-04-11 15:00
472,-37.838711,144.94188,2020-04-11 17:20,-136140,521974,2020-04-11 17:00
472,-37.838711,144.94188,2020-04-11 18:49,-136091,521898,2020-04-11 18:00
473,-37.846138,144.991808,2020-04-11 7:43,-136075,521858,2020-04-11 7:00
473,-37.846138,144.991808,2020-04-11 8:27,-136168,521963,2020-04-11 8:00
473,-37.823695,144.906504,2020-04-11 9:11,-136195,521840,2020-04-11 9:00
473,-37.829811,144.973556,2020-04-11 9:55,-136140,521974,2020-04-11 9:00
473,-37.838711,144.94188,2020-04-11 10:38,-136188,521904,2020-04-11 10:00
473,-37.852894,144.87908,2020-04-11 11:22,-136335,521942,2020-04-11 11:00
474,-37.830296,144.973453,2020-04-11 7:54,-136057,521635,2020-04-11 7:00
474,-37.842836,144.961897,2020-04-11 8:49,-136022,521826,2020-04-11 8:00
474,-37.814413,144.979425,2020-04-11 9:44,-136166,521663,2020-04-11 9:00
474,-37.807062,144.957074,2020-04-11 10:39,-136050,521592,2020-04-11 10:00
475,-37.810351,144.93698,2020-04-11 8:09,-136091,521898,2020-04-11 8:00
475,-37.824406,144.989831,2020-04-11 9:18,-136335,521942,2020-04-11 9:00
475,-37.841619,144.939541,2020-04-11 10:27,-136168,521963,2020-04-11 10:00
475,-37.842836,144.961897,2020-04-11 11:37,-136225,521772,2020-04-11 11:00
475,-37.830296,144.973453,2020-04-11 12:46,-136190,521904,2020-04-11 12:00
475,-37.831744,144.9558,2020-04-11 13:55,-136190,521904,2020-04-11 13:00
475,-37.798343,144.960716,2020-04-11 15:04,-136118,521773,2020-04-11 15:00
475,-37.842836,144.961897,2020-04-11 16:14,-136235,521862,2020-04-11 16:00
476,-37.793484,144.898659,2020-04-11 7:37,-136050,521592,2020-04-11 7:00
476,-37.830296,144.973453,2020-04-11 8:14,-136208,522015,2020-04-11 8:00
476,-37.814413,144.979425,2020-04-11 8:51,-136235,521862,2020-04-11 8:00
476,-37.885982,145.082342,2020-04-11 9:28,-136132,521925,2020-04-11 9:00
476,-37.824406,144.989831,2020-04-11 10:05,-136168,521963,2020-04-11 10:00
476,-37.810351,144.93698,2020-04-11 10:42,-136168,521963,2020-04-11 10:00
476,-37.814413,144.979425,2020-04-11 11:19,-136057,521635,2020-04-11 11:00
476,-37.867555,144.976864,2020-04-11 11:57,-136225,521772,2020-04-11 11:00
476,-37.831744,144.9558,2020-04-11 12:34,-136247,521970,2020-04-11 12:00
477,-37.852894,144.87908,2020-04-11 7:07,-136235,521862,2020-04-11 7:00
477,-37.920419,145.123584,2020-04-11 7:14,-136208,522015,2020-04-11 7:00
477,-37.885982,145.082342,2020-04-11 7:21,-136271,521564,2020-04-11 7:00
477,-37.793484,144.898659,2020-04-11 7:28,-136225,521772,2020-04-11 7:00
477,-37.821132,144.964615,2020-04-11 7:35,-136514,522444,2020-04-11 7:00
477,-37.841619,144.939541,2020-04-11 7:42,-136157,521872,2020-04-11 7:00
478,-37.810351,144.93698,2020-04-11 9:26,-136514,522444,2020-04-11 9:00
478,-37.803018,144.971759,2020-04-11 11:52,-136514,522444,2020-04-11 11:00
478,-37.838711,144.94188,2020-04-11 14:18,-136118,521773,2020-04-11 14:00
479,-37.810351,144.93698,2020-04-11 9:57,-136247,521970,2020-04-11 9:00
479,-37.852894,144.87908,2020-04-11 12:54,-136075,521858,2020-04-11 12:00
479,-37.831744,144.9558,2020-04-11 15:51,-136195,521840,2020-04-11 15:00
479,-37.840041,144.936677,2020-04-11 18:48,-136271,521564,2020-04-11 18:00
480,-37.839331,144.942019,2020-04-11 7:49,-136225,521772,2020-04-11 7:00
480,-37.839331,144.942019,2020-04-11 8:39,-136022,521826,2020-04-11 8:00
480,-37.957262,145.052534,2020-04-11 9:29,-136132,521925,2020-04-11 9:00
480,-37.824406,144.989831,2020-04-11 10:19,-136057,521635,2020-04-11 10:00
480,-37.829811,144.973556,2020-04-11 11:09,-136390,522296,2020-04-11 11:00
480,-37.814413,144.979425,2020-04-11 11:59,-136106,521845,2020-04-11 11:00
480,-37.867555,144.976864,2020-04-11 12:49,-136118,521773,2020-04-11 12:00
480,-37.783753,144.951833,2020-04-11 13:39,-136228,521737,2020-04-11 13:00
480,-37.870704,144.983914,2020-04-11 14:29,-136228,521737,2020-04-11 14:00
481,-37.920419,145.123584,2020-04-11 8:10,-136647,522189,2020-04-11 8:00
481,-37.830296,144.973453,2020-04-11 9:20,-136195,521840,2020-04-11 9:00
481,-37.811778,144.98404,2020-04-11 10:30,-136106,521845,2020-04-11 10:00
481,-37.841619,144.939541,2020-04-11 11:40,-136235,521862,2020-04-11 11:00
481,-37.839331,144.942019,2020-04-11 12:50,-136118,521773,2020-04-11 12:00
481,-37.823695,144.906504,2020-04-11 14:00,-136647,522189,2020-04-11 14:00
481,-37.852894,144.87908,2020-04-11 15:10,-136195,521840,2020-04-11 15:00
481,-37.803018,144.971759,2020-04-11 16:20,-136208,522015,2020-04-11 16:00
482,-37.807062,144.957074,2020-04-11 7:44,-136166,521663,2020-04-11 7:00
482,-37.867555,144.976864,2020-04-11 8:29,-136195,521840,2020-04-11 8:00
482,-37.846138,144.991808,2020-04-11 9:13,-136168,521963,2020-04-11 9:00
482,-37.793484,144.898659,2020-04-11 9:58,-136188,521904,2020-04-11 9:00
483,-37.846138,144.991808,2020-04-11 7:18,-136057,521635,2020-04-11 7:00
483,-37.803018,144.971759,2020-04-11 7:36,-136188,521904,2020-04-11 7:00
483,-37.798343,144.960716,2020-04-11 7:55,-136208,522015,2020-04-11 7:00
483,-37.83546,145.004261,2020-04-11 8:13,-136335,521942,2020-04-11 8:00
484,-37.920419,145.123584,2020-04-11 8:08,-136132,521925,2020-04-11 8:00
484,-37.831744,144.9558,2020-04-11 9:16,-136235,521862,2020-04-11 9:00
484,-37.807062,144.957074,2020-04-11 10:25,-136235,521862,2020-04-11 10:00
484,-37.870704,144.983914,2020-04-11 11:33,-136166,521663,2020-04-11 11:00
484,-37.840041,144.936677,2020-04-11 12:42,-136075,521858,2020-04-11 12:00
484,-37.867555,144.976864,2020-04-11 13:50,-136208,522015,2020-04-11 13:00
484,-37.793484,144.898659,2020-04-11 14:58,-136188,521904,2020-04-11 14:00
484,-37.830296,144.973453,2020-04-11 16:07,-136225,521772,2020-04-11 16:00
484,-37.783753,144.951833,2020-04-11 17:15,-136271,521564,2020-04-11 17:00
484,-37.793484,144.898659,2020-04-11 18:24,-136190,521904,2020-04-11 18:00
485,-37.821132,144.964615,2020-04-11 18:37,-136324,521916,2020-04-11 18:00
486,-37.885982,145.082342,2020-04-11 7:46,-136222,521791,2020-04-11 7:00
486,-37.957262,145.052534,2020-04-11 8:32,-136271,521564,2020-04-11 8:00
486,-37.842836,144.961897,2020-04-11 9:18,-136057,521635,2020-04-11 9:00
486,-37.838711,144.94188,2020-04-11 10:04,-136022,521826,2020-04-11 10:00
486,-37.870704,144.983914,2020-04-11 10:50,-136514,522444,2020-04-11 10:00
486,-37.920419,145.123584,2020-04-11 11:36,-136190,521904,2020-04-11 11:00
486,-37.83546,145.004261,2020-04-11 12:22,-136220,521790,2020-04-11 12:00
486,-37.829811,144.973556,2020-04-11 13:08,-136514,522444,2020-04-11 13:00
486,-37.823695,144.906504,2020-04-11 13:54,-136166,521663,2020-04-11 13:00
487,-37.957262,145.052534,2020-04-11 7:51,-136228,521737,2020-04-11 7:00
487,-37.885982,145.082342,2020-04-11 8:42,-136222,521791,2020-04-11 8:00
487,-37.838711,144.94188,2020-04-11 9:33,-136168,521963,2020-04-11 9:00
487,-37.793484,144.898659,2020-04-11 10:24,-136091,521898,2020-04-11 10:00
487,-37.838711,144.94188,2020-04-11 11:15,-136222,521791,2020-04-11 11:00
487,-37.830296,144.973453,2020-04-11 12:06,-136225,521772,2020-04-11 12:00
487,-37.83546,145.004261,2020-04-11 12:57,-136190,521904,2020-04-11 12:00
487,-37.816634,144.993007,2020-04-11 13:48,-136271,521564,2020-04-11 13:00
487,-37.957262,145.052534,2020-04-11 14:39,-136075,521858,2020-04-11 14:00
487,-37.852894,144.87908,2020-04-11 15:30,-136091,521898,2020-04-11 15:00
488,-37.830296,144.973453,2020-04-11 9:47,-136140,521974,2020-04-11 9:00
488,-37.824406,144.989831,2020-04-11 12:34,-136225,521772,2020-04-11 12:00
488,-37.783753,144.951833,2020-04-11 15:22,-136220,521790,2020-04-11 15:00
488,-37.83546,145.004261,2020-04-11 18:09,-136140,521974,2020-04-11 18:00
489,-37.823695,144.906504,2020-04-11 8:22,-136514,522444,2020-04-11 8:00
489,-37.783753,144.951833,2020-04-11 9:44,-136235,521862,2020-04-11 9:00
489,-37.783753,144.951833,2020-04-11 11:06,-136091,521898,2020-04-11 11:00
489,-37.840885,144.926946,2020-04-11 12:28,-136022,521826,2020-04-11 12:00
489,-37.793484,144.898659,2020-04-11 13:50,-136324,521916,2020-04-11 13:00
490,-37.823695,144.906504,2020-04-11 17:20,-136324,521916,2020-04-11 17:00
491,-37.839331,144.942019,2020-04-11 8:01,-136228,521737,2020-04-11 8:00
492,-37.791539,144.886764,2020-04-11 14:54,-136247,521970,2020-04-11 14:00
493,-37.824406,144.989831,2020-04-11 7:54,-136647,522189,2020-04-11 7:00
493,-37.831744,144.9558,2020-04-11 8:49,-136225,521772,2020-04-11 8:00
493,-37.798343,144.960716,2020-04-11 9:44,-136208,522015,2020-04-11 9:00
493,-37.920419,145.123584,2020-04-11 10:39,-136075,521858,2020-04-11 10:00
494,-37.840885,144.926946,2020-04-11 9:19,-136228,521737,2020-04-11 9:00
495,-37.842836,144.961897,2020-04-11 8:51,-136132,521925,2020-04-11 8:00
495,-37.885982,145.082342,2020-04-11 10:42,-136123,521942,2020-04-11 10:00
495,-37.814413,144.979425,2020-04-11 12:34,-136118,521773,2020-04-11 12:00
495,-37.821132,144.964615,2020-04-11 14:25,-136118,521773,2020-04-11 14:00
495,-37.824406,144.989831,2020-04-11 16:17,-136118,521773,2020-04-11 16:00
495,-37.810351,144.93698,2020-04-11 18:08,-136132,521925,2020-04-11 18:00
496,-37.838711,144.94188,2020-04-11 8:35,-136188,521904,2020-04-11 8:00
496,-37.791539,144.886764,2020-04-11 10:10,-136091,521898,2020-04-11 10:00
496,-37.824406,144.989831,2020-04-11 11:45,-136091,521898,2020-04-11 11:00
496,-37.821132,144.964615,2020-04-11 13:21,-136190,521904,2020-04-11 13:00
496,-37.798343,144.960716,2020-04-11 14:56,-136123,521942,2020-04-11 14:00
496,-37.840041,144.936677,2020-04-11 16:31,-136220,521790,2020-04-11 16:00
497,-37.821132,144.964615,2020-04-11 7:17,-136324,521916,2020-04-11 7:00
497,-37.829811,144.973556,2020-04-11 7:34,-136075,521858,2020-04-11 7:00
497,-37.842836,144.961897,2020-04-11 7:52,-136225,521772,2020-04-11 7:00
497,-37.846138,144.991808,2020-04-11 8:09,-136271,521564,2020-04-11 8:00
498,-37.867555,144.976864,2020-04-11 7:13,-136235,521862,2020-04-11 7:00
498,-37.839331,144.942019,2020-04-11 7:27,-136075,521858,2020-04-11 7:00
498,-37.839331,144.942019,2020-04-11 7:40,-136123,521942,2020-04-11 7:00
498,-37.829811,144.973556,2020-04-11 7:54,-136022,521826,2020-04-11 7:00
498,-37.840885,144.926946,2020-04-11 8:07,-136057,521635,2020-04-11 8:00
498,-37.821132,144.964615,2020-04-11 8:21,-136335,521942,2020-04-11 8:00
499,-37.840885,144.926946,2020-04-11 9:09,-136168,521963,2020-04-11 9:00
499,-37.852894,144.87908,2020-04-11 11:19,-136208,522015,2020-04-11 11:00
499,-37.811778,144.98404,2020-04-11 13:29,-136225,521772,2020-04-11 13:00
499,-37.823695,144.906504,2020-04-11 15:39,-136222,521791,2020-04-11 15:00
499,-37.807062,144.957074,2020-04-11 17:49,-136235,521862,2020-04-11 17:00
500,-37.842836,144.961897,2020-04-11 7:54,-136190,521904,2020-04-11 7:00
500,-37.840885,144.926946,2020-04-11 8:49,-136324,521916,2020-04-11 8:00
500,-37.885982,145.082342,2020-04-11 9:44,-136050,521592,2020-04-11 9:00
500,-37.791539,144.886764,2020-04-11 10:39,-136168,521963,2020-04-11 10:00
500,-37.841619,144.939541,2020-04-11 11:34,-136157,521872,2020-04-11 11:00
500,-37.803018,144.971759,2020-04-11 12:29,-136208,522015,2020-04-11 12:00
