PersonID,Latitude,Longitude,DateTime,LatitudeGrouping,LongitudeGrouping,TimeHour,,
1,-37.842836,144.961897,2020-04-11 8:28,-136235,521862,2020-04-11 8:00,,
1,-37.831744,144.9558,2020-04-11 13:28,-136195,521840,2020-04-11 13:00,,
2,-37.842836,144.961897,2020-04-11 7:28,-136235,521862,2020-04-11 7:00,,
2,-37.798343,144.960716,2020-04-11 9:28,-136075,521858,2020-04-11 9:00,,
2,-37.829811,144.973556,2020-04-11 11:28,-136188,521904,2020-04-11 11:00,,
3,-37.842836,144.961897,2020-04-11 7:28,-136235,521862,2020-04-11 7:00,,
3,-37.831744,144.9558,2020-04-11 8:28,-136195,521840,2020-04-11 8:00,,
3,-37.829811,144.973556,2020-04-11 11:28,-136188,521904,2020-04-11 11:00,,
3,-37.846138,144.991808,2020-04-11 13:28,-136247,521970,2020-04-11 13:00,,
3,-37.811778,144.98404,2020-04-11 16:28,-136123,521942,2020-04-11 16:00,,
3,-37.803018,144.971759,2020-04-11 20:28,-136091,521898,2020-04-11 20:00,,
4,-37.798343,144.960716,2020-04-11 9:28,-136075,521858,2020-04-11 9:00,,
5,-37.831744,144.9558,2020-04-11 7:28,-136195,521840,2020-04-11 7:00,,
5,-37.920419,145.123584,2020-04-11 16:28,-136514,522444,2020-04-11 16:00,,
6,-37.870704,144.983914,2020-04-11 10:28,-136335,521942,2020-04-11 10:00,,
6,-37.783753,144.951833,2020-04-11 19:28,-136022,521826,2020-04-11 19:00,,
7,-37.830296,144.973453,2020-04-11 11:28,-136190,521904,2020-04-11 11:00,,
7,-37.798343,144.960716,2020-04-11 12:28,-136075,521858,2020-04-11 12:00,,
7,-37.846138,144.991808,2020-04-11 16:28,-136247,521970,2020-04-11 16:00,,
7,-37.803018,144.971759,2020-04-11 17:28,-136091,521898,2020-04-11 17:00,,
7,-37.783753,144.951833,2020-04-11 18:28,-136022,521826,2020-04-11 18:00,,
8,-37.814413,144.979425,2020-04-11 13:28,-136132,521925,2020-04-11 13:00,,
8,-37.829811,144.973556,2020-04-11 20:28,-136188,521904,2020-04-11 20:00,,
9,-37.798343,144.960716,2020-04-11 12:28,-136075,521858,2020-04-11 12:00,,
9,-37.831744,144.9558,2020-04-11 15:28,-136195,521840,2020-04-11 15:00,,
10,-37.831744,144.9558,2020-04-11 10:28,-136195,521840,2020-04-11 10:00,,
11,-37.885982,145.082342,2020-04-11 8:05,-136390,522296,2020-04-11 8:00,,
11,-37.783753,144.951833,2020-04-11 9:11,-136022,521826,2020-04-11 9:00,,
11,-37.852894,144.87908,2020-04-11 10:16,-136271,521564,2020-04-11 10:00,,
11,-37.830296,144.973453,2020-04-11 11:22,-136190,521904,2020-04-11 11:00,,
11,-37.811778,144.98404,2020-04-11 12:28,-136123,521942,2020-04-11 12:00,,
11,-37.839331,144.942019,2020-04-11 13:33,-136222,521791,2020-04-11 13:00,,
12,-37.811778,144.98404,2020-04-11 9:04,-136123,521942,2020-04-11 9:00,,
12,-37.810351,144.93698,2020-04-11 11:09,-136118,521773,2020-04-11 11:00,,
12,-37.870704,144.983914,2020-04-11 13:14,-136335,521942,2020-04-11 13:00,,
13,-37.846138,144.991808,2020-04-11 7:47,-136247,521970,2020-04-11 7:00,,
13,-37.920419,145.123584,2020-04-11 8:34,-136514,522444,2020-04-11 8:00,,
13,-37.838711,144.94188,2020-04-11 9:22,-136220,521790,2020-04-11 9:00,,
14,-37.783753,144.951833,2020-04-11 8:15,-136022,521826,2020-04-11 8:00,,
14,-37.846138,144.991808,2020-04-11 9:31,-136247,521970,2020-04-11 9:00,,
14,-37.885982,145.082342,2020-04-11 10:47,-136390,522296,2020-04-11 10:00,,
14,-37.842836,144.961897,2020-04-11 12:03,-136235,521862,2020-04-11 12:00,,
14,-37.830296,144.973453,2020-04-11 13:19,-136190,521904,2020-04-11 13:00,,
14,-37.824406,144.989831,2020-04-11 14:35,-136168,521963,2020-04-11 14:00,,
15,-37.803018,144.971759,2020-04-11 7:54,-136091,521898,2020-04-11 7:00,,
15,-37.823695,144.906504,2020-04-11 8:48,-136166,521663,2020-04-11 8:00,,
16,-37.842836,144.961897,2020-04-11 9:23,-136235,521862,2020-04-11 9:00,,
16,-37.920419,145.123584,2020-04-11 11:46,-136514,522444,2020-04-11 11:00,,
17,-37.810351,144.93698,2020-04-11 9:03,-136118,521773,2020-04-11 9:00,,
17,-37.846138,144.991808,2020-04-11 11:07,-136247,521970,2020-04-11 11:00,,
17,-37.852894,144.87908,2020-04-11 13:10,-136271,521564,2020-04-11 13:00,,
17,-37.885982,145.082342,2020-04-11 15:14,-136390,522296,2020-04-11 15:00,,
18,-37.852894,144.87908,2020-04-11 10:51,-136271,521564,2020-04-11 10:00,,
18,-37.803018,144.971759,2020-04-11 14:43,-136091,521898,2020-04-11 14:00,,
19,-37.798343,144.960716,2020-04-11 9:11,-136075,521858,2020-04-11 9:00,,
19,-37.885982,145.082342,2020-04-11 11:22,-136390,522296,2020-04-11 11:00,,
19,-37.839331,144.942019,2020-04-11 13:34,-136222,521791,2020-04-11 13:00,,
20,-37.870704,144.983914,2020-04-11 10:31,-136335,521942,2020-04-11 10:00,,
20,-37.957262,145.052534,2020-04-11 14:03,-136647,522189,2020-04-11 14:00,,
21,-37.920419,145.123584,2020-04-11 8:29,-136514,522444,2020-04-11 8:00,,
21,-37.846138,144.991808,2020-04-11 9:58,-136247,521970,2020-04-11 9:00,,
21,-37.791539,144.886764,2020-04-11 11:28,-136050,521592,2020-04-11 11:00,,
21,-37.957262,145.052534,2020-04-11 12:57,-136647,522189,2020-04-11 12:00,,
22,-37.885982,145.082342,2020-04-11 8:07,-136390,522296,2020-04-11 8:00,,
22,-37.831744,144.9558,2020-04-11 9:14,-136195,521840,2020-04-11 9:00,,
22,-37.798343,144.960716,2020-04-11 10:21,-136075,521858,2020-04-11 10:00,,
22,-37.829811,144.973556,2020-04-11 11:28,-136188,521904,2020-04-11 11:00,,
22,-37.807062,144.957074,2020-04-11 12:35,-136106,521845,2020-04-11 12:00,,
22,-37.920419,145.123584,2020-04-11 13:42,-136514,522444,2020-04-11 13:00,,
23,-37.798343,144.960716,2020-04-11 7:13,-136075,521858,2020-04-11 7:00,,
23,-37.842836,144.961897,2020-04-11 7:27,-136235,521862,2020-04-11 7:00,,
23,-37.846138,144.991808,2020-04-11 7:41,-136247,521970,2020-04-11 7:00,,
23,-37.870704,144.983914,2020-04-11 7:55,-136335,521942,2020-04-11 7:00,,
24,-37.83546,145.004261,2020-04-11 8:41,-136208,522015,2020-04-11 8:00,,
24,-37.829811,144.973556,2020-04-11 10:22,-136188,521904,2020-04-11 10:00,,
25,-37.920419,145.123584,2020-04-11 7:37,-136514,522444,2020-04-11 7:00,,
25,-37.840041,144.936677,2020-04-11 8:14,-136225,521772,2020-04-11 8:00,,
25,-37.816634,144.993007,2020-04-11 8:51,-136140,521974,2020-04-11 8:00,,
25,-37.852894,144.87908,2020-04-11 9:28,-136271,521564,2020-04-11 9:00,,
25,-37.83546,145.004261,2020-04-11 10:06,-136208,522015,2020-04-11 10:00,,
25,-37.798343,144.960716,2020-04-11 10:43,-136075,521858,2020-04-11 10:00,,
26,-37.823695,144.906504,2020-04-11 7:09,-136166,521663,2020-04-11 7:00,,
27,-37.830296,144.973453,2020-04-11 7:41,-136190,521904,2020-04-11 7:00,,
27,-37.867555,144.976864,2020-04-11 8:23,-136324,521916,2020-04-11 8:00,,
27,-37.791539,144.886764,2020-04-11 9:04,-136050,521592,2020-04-11 9:00,,
27,-37.920419,145.123584,2020-04-11 9:46,-136514,522444,2020-04-11 9:00,,
27,-37.831744,144.9558,2020-04-11 10:27,-136195,521840,2020-04-11 10:00,,
28,-37.840041,144.936677,2020-04-11 11:23,-136225,521772,2020-04-11 11:00,,
28,-37.829811,144.973556,2020-04-11 15:47,-136188,521904,2020-04-11 15:00,,
29,-37.811778,144.98404,2020-04-11 12:39,-136123,521942,2020-04-11 12:00,,
29,-37.783753,144.951833,2020-04-11 18:19,-136022,521826,2020-04-11 18:00,,
30,-37.810351,144.93698,2020-04-11 7:37,-136118,521773,2020-04-11 7:00,,
30,-37.840885,144.926946,2020-04-11 8:15,-136228,521737,2020-04-11 8:00,,
31,-37.824406,144.989831,2020-04-11 7:27,-136168,521963,2020-04-11 7:00,,
31,-37.83546,145.004261,2020-04-11 7:54,-136208,522015,2020-04-11 7:00,,
32,-37.841619,144.939541,2020-04-11 8:14,-136230,521782,2020-04-11 8:00,,
33,-37.839331,144.942019,2020-04-11 8:26,-136222,521791,2020-04-11 8:00,,
33,-37.840041,144.936677,2020-04-11 9:53,-136225,521772,2020-04-11 9:00,,
33,-37.811778,144.98404,2020-04-11 11:19,-136123,521942,2020-04-11 11:00,,
34,-37.957262,145.052534,2020-04-11 7:40,-136208,522015,2020-04-11 7:00,,
34,-37.846138,144.991808,2020-04-11 8:21,-136190,521904,2020-04-11 8:00,,
34,-37.824406,144.989831,2020-04-11 9:02,-136271,521564,2020-04-11 9:00,,
34,-37.885982,145.082342,2020-04-11 9:43,-136166,521663,2020-04-11 9:00,,
35,-37.870704,144.983914,2020-04-11 8:14,-136228,521737,2020-04-11 8:00,,
35,-37.840885,144.926946,2020-04-11 9:28,-136140,521974,2020-04-11 9:00,,
35,-37.838711,144.94188,2020-04-11 10:42,-136647,522189,2020-04-11 10:00,,
35,-37.829811,144.973556,2020-04-11 11:56,-136514,522444,2020-04-11 11:00,,
35,-37.811778,144.98404,2020-04-11 13:10,-136118,521773,2020-04-11 13:00,,
35,-37.821132,144.964615,2020-04-11 14:25,-136123,521942,2020-04-11 14:00,,
35,-37.807062,144.957074,2020-04-11 15:39,-136208,522015,2020-04-11 15:00,,
35,-37.793484,144.898659,2020-04-11 16:53,-136228,521737,2020-04-11 16:00,,
36,-37.841619,144.939541,2020-04-11 9:47,-136057,521635,2020-04-11 9:00,,
36,-37.810351,144.93698,2020-04-11 12:35,-136271,521564,2020-04-11 12:00,,
36,-37.798343,144.960716,2020-04-11 15:22,-136123,521942,2020-04-11 15:00,,
36,-37.830296,144.973453,2020-04-11 18:10,-136208,522015,2020-04-11 18:00,,
36,-37.791539,144.886764,2020-04-11 20:58,-136106,521845,2020-04-11 20:00,,
36,-37.852894,144.87908,2020-04-11 23:45,-136208,522015,2020-04-11 23:00,,
36,-37.867555,144.976864,2020-04-12 2:33,-136022,521826,2020-04-12 2:00,,
37,-37.870704,144.983914,2020-04-11 7:01,-136335,521942,2020-04-11 7:00,,
37,-37.791539,144.886764,2020-04-11 7:02,-136228,521737,2020-04-11 7:00,,
37,-37.829811,144.973556,2020-04-11 7:03,-136166,521663,2020-04-11 7:00,,
37,-37.852894,144.87908,2020-04-11 7:04,-136195,521840,2020-04-11 7:00,,
37,-37.840885,144.926946,2020-04-11 7:05,-136057,521635,2020-04-11 7:00,,
37,-37.840041,144.936677,2020-04-11 7:07,-136091,521898,2020-04-11 7:00,,
37,-37.791539,144.886764,2020-04-11 7:08,-136271,521564,2020-04-11 7:00,,
37,-37.814413,144.979425,2020-04-11 7:09,-136157,521872,2020-04-11 7:00,,
37,-37.783753,144.951833,2020-04-11 7:10,-136075,521858,2020-04-11 7:00,,
38,-37.798343,144.960716,2020-04-11 8:09,-136091,521898,2020-04-11 8:00,,
38,-37.840041,144.936677,2020-04-11 9:19,-136190,521904,2020-04-11 9:00,,
38,-37.840885,144.926946,2020-04-11 10:29,-136514,522444,2020-04-11 10:00,,
38,-37.816634,144.993007,2020-04-11 11:39,-136228,521737,2020-04-11 11:00,,
38,-37.793484,144.898659,2020-04-11 12:48,-136271,521564,2020-04-11 12:00,,
38,-37.823695,144.906504,2020-04-11 13:58,-136168,521963,2020-04-11 13:00,,
38,-37.885982,145.082342,2020-04-11 15:08,-136647,522189,2020-04-11 15:00,,
38,-37.821132,144.964615,2020-04-11 16:18,-136324,521916,2020-04-11 16:00,,
38,-37.846138,144.991808,2020-04-11 17:28,-136335,521942,2020-04-11 17:00,,
39,-37.791539,144.886764,2020-04-11 7:39,-136022,521826,2020-04-11 7:00,,
39,-37.957262,145.052534,2020-04-11 8:19,-136647,522189,2020-04-11 8:00,,
39,-37.920419,145.123584,2020-04-11 8:59,-136057,521635,2020-04-11 8:00,,
40,-37.783753,144.951833,2020-04-11 8:25,-136022,521826,2020-04-11 8:00,,
40,-37.840885,144.926946,2020-04-11 9:51,-136022,521826,2020-04-11 9:00,,
40,-37.793484,144.898659,2020-04-11 11:17,-136225,521772,2020-04-11 11:00,,
40,-37.867555,144.976864,2020-04-11 12:42,-136222,521791,2020-04-11 12:00,,
40,-37.920419,145.123584,2020-04-11 14:08,-136132,521925,2020-04-11 14:00,,
40,-37.793484,144.898659,2020-04-11 15:34,-136222,521791,2020-04-11 15:00,,
41,-37.791539,144.886764,2020-04-11 7:43,-136225,521772,2020-04-11 7:00,,
41,-37.824406,144.989831,2020-04-11 8:26,-136106,521845,2020-04-11 8:00,,
42,-37.807062,144.957074,2020-04-11 7:25,-136140,521974,2020-04-11 7:00,,
42,-37.821132,144.964615,2020-04-11 7:50,-136166,521663,2020-04-11 7:00,,
42,-37.783753,144.951833,2020-04-11 8:15,-136247,521970,2020-04-11 8:00,,
42,-37.842836,144.961897,2020-04-11 8:40,-136195,521840,2020-04-11 8:00,,
43,-37.841619,144.939541,2020-04-11 8:58,-136190,521904,2020-04-11 8:00,,
43,-37.838711,144.94188,2020-04-11 10:56,-136190,521904,2020-04-11 10:00,,
43,-37.957262,145.052534,2020-04-11 12:54,-136228,521737,2020-04-11 12:00,,
43,-37.840885,144.926946,2020-04-11 14:52,-136188,521904,2020-04-11 14:00,,
43,-37.821132,144.964615,2020-04-11 16:51,-136190,521904,2020-04-11 16:00,,
44,-37.870704,144.983914,2020-04-11 10:44,-136188,521904,2020-04-11 10:00,,
44,-37.829811,144.973556,2020-04-11 14:29,-136390,522296,2020-04-11 14:00,,
44,-37.83546,145.004261,2020-04-11 18:14,-136220,521790,2020-04-11 18:00,,
44,-37.791539,144.886764,2020-04-11 21:59,-136190,521904,2020-04-11 21:00,,
44,-37.814413,144.979425,2020-04-12 1:44,-136166,521663,2020-04-12 1:00,,
45,-37.838711,144.94188,2020-04-11 9:22,-136022,521826,2020-04-11 9:00,,
46,-37.814413,144.979425,2020-04-11 8:09,-136514,522444,2020-04-11 8:00,,
46,-37.816634,144.993007,2020-04-11 9:18,-136195,521840,2020-04-11 9:00,,
46,-37.810351,144.93698,2020-04-11 10:27,-136235,521862,2020-04-11 10:00,,
46,-37.846138,144.991808,2020-04-11 11:36,-136140,521974,2020-04-11 11:00,,
46,-37.793484,144.898659,2020-04-11 12:45,-136230,521782,2020-04-11 12:00,,
46,-37.821132,144.964615,2020-04-11 13:54,-136647,522189,2020-04-11 13:00,,
46,-37.846138,144.991808,2020-04-11 15:03,-136123,521942,2020-04-11 15:00,,
47,-37.830296,144.973453,2020-04-11 18:12,-136390,522296,2020-04-11 18:00,,
47,-37.842836,144.961897,2020-04-12 5:24,-136335,521942,2020-04-12 5:00,,
47,-37.846138,144.991808,2020-04-12 16:36,-136118,521773,2020-04-12 16:00,,
47,-37.830296,144.973453,2020-04-13 3:49,-136228,521737,2020-04-13 3:00,,
47,-37.838711,144.94188,2020-04-13 15:01,-136230,521782,2020-04-13 15:00,,
47,-37.867555,144.976864,2020-04-14 2:13,-136140,521974,2020-04-14 2:00,,
48,-37.798343,144.960716,2020-04-11 9:26,-136195,521840,2020-04-11 9:00,,
48,-37.870704,144.983914,2020-04-11 11:52,-136247,521970,2020-04-11 11:00,,
48,-37.920419,145.123584,2020-04-11 14:18,-136220,521790,2020-04-11 14:00,,
48,-37.816634,144.993007,2020-04-11 16:44,-136647,522189,2020-04-11 16:00,,
48,-37.814413,144.979425,2020-04-11 19:10,-136335,521942,2020-04-11 19:00,,
49,-37.807062,144.957074,2020-04-11 7:13,-136075,521858,2020-04-11 7:00,,
50,-37.830296,144.973453,2020-04-11 7:50,-136190,521904,2020-04-11 7:00,,
51,-37.829811,144.973556,2020-04-11 7:16,-136091,521898,2020-04-11 7:00,,
51,-37.824406,144.989831,2020-04-11 7:33,-136235,521862,2020-04-11 7:00,,
51,-37.814413,144.979425,2020-04-11 7:50,-136390,522296,2020-04-11 7:00,,
51,-37.83546,145.004261,2020-04-11 8:07,-136057,521635,2020-04-11 8:00,,
51,-37.83546,145.004261,2020-04-11 8:24,-136091,521898,2020-04-11 8:00,,
52,-37.957262,145.052534,2020-04-11 8:03,-136190,521904,2020-04-11 8:00,,
52,-37.840041,144.936677,2020-04-11 9:07,-136190,521904,2020-04-11 9:00,,
52,-37.840885,144.926946,2020-04-11 10:11,-136514,522444,2020-04-11 10:00,,
52,-37.885982,145.082342,2020-04-11 11:15,-136647,522189,2020-04-11 11:00,,
52,-37.811778,144.98404,2020-04-11 12:18,-136647,522189,2020-04-11 12:00,,
52,-37.852894,144.87908,2020-04-11 13:22,-136123,521942,2020-04-11 13:00,,
52,-37.870704,144.983914,2020-04-11 14:26,-136247,521970,2020-04-11 14:00,,
52,-37.840885,144.926946,2020-04-11 15:30,-136324,521916,2020-04-11 15:00,,
53,-37.821132,144.964615,2020-04-11 8:56,-136022,521826,2020-04-11 8:00,,
53,-37.840041,144.936677,2020-04-11 10:53,-136132,521925,2020-04-11 10:00,,
54,-37.957262,145.052534,2020-04-11 14:00,-136514,522444,2020-04-11 14:00,,
54,-37.793484,144.898659,2020-04-11 21:01,-136514,522444,2020-04-11 21:00,,
54,-37.807062,144.957074,2020-04-12 4:02,-136324,521916,2020-04-12 4:00,,
54,-37.823695,144.906504,2020-04-12 11:03,-136225,521772,2020-04-12 11:00,,
55,-37.830296,144.973453,2020-04-11 7:52,-136225,521772,2020-04-11 7:00,,
55,-37.823695,144.906504,2020-04-11 8:44,-136190,521904,2020-04-11 8:00,,
55,-37.83546,145.004261,2020-04-11 9:36,-136118,521773,2020-04-11 9:00,,
55,-37.885982,145.082342,2020-04-11 10:28,-136132,521925,2020-04-11 10:00,,
56,-37.852894,144.87908,2020-04-11 7:50,-136140,521974,2020-04-11 7:00,,
56,-37.807062,144.957074,2020-04-11 8:40,-136157,521872,2020-04-11 8:00,,
56,-37.852894,144.87908,2020-04-11 9:30,-136106,521845,2020-04-11 9:00,,
56,-37.838711,144.94188,2020-04-11 10:20,-136390,522296,2020-04-11 10:00,,
56,-37.83546,145.004261,2020-04-11 11:10,-136324,521916,2020-04-11 11:00,,
56,-37.831744,144.9558,2020-04-11 12:00,-136091,521898,2020-04-11 12:00,,
57,-37.957262,145.052534,2020-04-11 7:54,-136247,521970,2020-04-11 7:00,,
57,-37.798343,144.960716,2020-04-11 8:48,-136106,521845,2020-04-11 8:00,,
57,-37.839331,144.942019,2020-04-11 9:42,-136195,521840,2020-04-11 9:00,,
57,-37.793484,144.898659,2020-04-11 10:36,-136057,521635,2020-04-11 10:00,,
57,-37.830296,144.973453,2020-04-11 11:30,-136057,521635,2020-04-11 11:00,,
57,-37.823695,144.906504,2020-04-11 12:24,-136225,521772,2020-04-11 12:00,,
57,-37.83546,145.004261,2020-04-11 13:18,-136514,522444,2020-04-11 13:00,,
57,-37.816634,144.993007,2020-04-11 14:13,-136140,521974,2020-04-11 14:00,,
58,-37.791539,144.886764,2020-04-11 8:02,-136228,521737,2020-04-11 8:00,,
59,-37.821132,144.964615,2020-04-11 7:21,-136190,521904,2020-04-11 7:00,,
59,-37.852894,144.87908,2020-04-11 7:43,-136228,521737,2020-04-11 7:00,,
59,-37.791539,144.886764,2020-04-11 8:05,-136228,521737,2020-04-11 8:00,,
59,-37.83546,145.004261,2020-04-11 8:27,-136228,521737,2020-04-11 8:00,,
59,-37.840041,144.936677,2020-04-11 8:49,-136324,521916,2020-04-11 8:00,,
59,-37.816634,144.993007,2020-04-11 9:11,-136324,521916,2020-04-11 9:00,,
59,-37.807062,144.957074,2020-04-11 9:33,-136168,521963,2020-04-11 9:00,,
59,-37.814413,144.979425,2020-04-11 9:55,-136271,521564,2020-04-11 9:00,,
60,-37.839331,144.942019,2020-04-11 7:19,-136057,521635,2020-04-11 7:00,,
60,-37.846138,144.991808,2020-04-11 7:38,-136324,521916,2020-04-11 7:00,,
60,-37.783753,144.951833,2020-04-11 7:57,-136123,521942,2020-04-11 7:00,,
60,-37.816634,144.993007,2020-04-11 8:16,-136188,521904,2020-04-11 8:00,,
60,-37.811778,144.98404,2020-04-11 8:35,-136230,521782,2020-04-11 8:00,,
60,-37.814413,144.979425,2020-04-11 8:54,-136157,521872,2020-04-11 8:00,,
60,-37.83546,145.004261,2020-04-11 9:13,-136225,521772,2020-04-11 9:00,,
60,-37.852894,144.87908,2020-04-11 9:33,-136390,522296,2020-04-11 9:00,,
60,-37.841619,144.939541,2020-04-11 9:52,-136230,521782,2020-04-11 9:00,,
60,-37.852894,144.87908,2020-04-11 10:11,-136075,521858,2020-04-11 10:00,,
61,-37.810351,144.93698,2020-04-11 7:00,-136106,521845,2020-04-11 7:00,,
61,-37.814413,144.979425,2020-04-11 7:00,-136157,521872,2020-04-11 7:00,,
61,-37.839331,144.942019,2020-04-11 7:00,-136118,521773,2020-04-11 7:00,,
61,-37.841619,144.939541,2020-04-11 7:00,-136247,521970,2020-04-11 7:00,,
61,-37.885982,145.082342,2020-04-11 7:00,-136647,522189,2020-04-11 7:00,,
61,-37.783753,144.951833,2020-04-11 7:00,-136208,522015,2020-04-11 7:00,,
61,-37.821132,144.964615,2020-04-11 7:00,-136222,521791,2020-04-11 7:00,,
62,-37.783753,144.951833,2020-04-11 7:00,-136123,521942,2020-04-11 7:00,,
62,-37.839331,144.942019,2020-04-11 7:00,-136324,521916,2020-04-11 7:00,,
62,-37.783753,144.951833,2020-04-11 7:00,-136208,522015,2020-04-11 7:00,,
62,-37.821132,144.964615,2020-04-11 7:01,-136208,522015,2020-04-11 7:00,,
62,-37.842836,144.961897,2020-04-11 7:01,-136235,521862,2020-04-11 7:00,,
62,-37.793484,144.898659,2020-04-11 7:01,-136195,521840,2020-04-11 7:00,,
62,-37.807062,144.957074,2020-04-11 7:01,-136514,522444,2020-04-11 7:00,,
63,-37.816634,144.993007,2020-04-11 7:43,-136157,521872,2020-04-11 7:00,,
63,-37.852894,144.87908,2020-04-11 8:27,-136057,521635,2020-04-11 8:00,,
63,-37.807062,144.957074,2020-04-11 9:11,-136190,521904,2020-04-11 9:00,,
64,-37.816634,144.993007,2020-04-11 7:08,-136166,521663,2020-04-11 7:00,,
64,-37.840041,144.936677,2020-04-11 7:16,-136157,521872,2020-04-11 7:00,,
64,-37.783753,144.951833,2020-04-11 7:25,-136132,521925,2020-04-11 7:00,,
64,-37.824406,144.989831,2020-04-11 7:33,-136132,521925,2020-04-11 7:00,,
64,-37.824406,144.989831,2020-04-11 7:42,-136228,521737,2020-04-11 7:00,,
64,-37.839331,144.942019,2020-04-11 7:50,-136168,521963,2020-04-11 7:00,,
64,-37.830296,144.973453,2020-04-11 7:59,-136335,521942,2020-04-11 7:00,,
65,-37.83546,145.004261,2020-04-11 12:02,-136190,521904,2020-04-11 12:00,,
65,-37.811778,144.98404,2020-04-11 17:05,-136235,521862,2020-04-11 17:00,,
65,-37.821132,144.964615,2020-04-11 22:07,-136220,521790,2020-04-11 22:00,,
65,-37.840041,144.936677,2020-04-12 3:10,-136123,521942,2020-04-12 3:00,,
65,-37.867555,144.976864,2020-04-12 8:13,-136335,521942,2020-04-12 8:00,,
66,-37.823695,144.906504,2020-04-11 8:27,-136168,521963,2020-04-11 8:00,,
67,-37.839331,144.942019,2020-04-11 10:45,-136324,521916,2020-04-11 10:00,,
68,-37.957262,145.052534,2020-04-11 7:38,-136190,521904,2020-04-11 7:00,,
68,-37.783753,144.951833,2020-04-11 8:16,-136247,521970,2020-04-11 8:00,,
68,-37.957262,145.052534,2020-04-11 8:54,-136057,521635,2020-04-11 8:00,,
68,-37.885982,145.082342,2020-04-11 9:32,-136106,521845,2020-04-11 9:00,,
68,-37.840885,144.926946,2020-04-11 10:11,-136057,521635,2020-04-11 10:00,,
68,-37.798343,144.960716,2020-04-11 10:49,-136247,521970,2020-04-11 10:00,,
69,-37.807062,144.957074,2020-04-11 7:40,-136190,521904,2020-04-11 7:00,,
69,-37.840885,144.926946,2020-04-11 8:21,-136157,521872,2020-04-11 8:00,,
69,-37.846138,144.991808,2020-04-11 9:02,-136132,521925,2020-04-11 9:00,,
69,-37.839331,144.942019,2020-04-11 9:43,-136075,521858,2020-04-11 9:00,,
69,-37.846138,144.991808,2020-04-11 10:24,-136190,521904,2020-04-11 10:00,,
69,-37.920419,145.123584,2020-04-11 11:05,-136220,521790,2020-04-11 11:00,,
69,-37.852894,144.87908,2020-04-11 11:46,-136118,521773,2020-04-11 11:00,,
70,-37.840885,144.926946,2020-04-11 9:00,-136188,521904,2020-04-11 9:00,,
70,-37.823695,144.906504,2020-04-11 11:00,-136022,521826,2020-04-11 11:00,,
70,-37.811778,144.98404,2020-04-11 13:01,-136168,521963,2020-04-11 13:00,,
70,-37.810351,144.93698,2020-04-11 15:01,-136220,521790,2020-04-11 15:00,,
70,-37.885982,145.082342,2020-04-11 17:02,-136208,522015,2020-04-11 17:00,,
70,-37.807062,144.957074,2020-04-11 19:02,-136514,522444,2020-04-11 19:00,,
70,-37.840885,144.926946,2020-04-11 21:03,-136208,522015,2020-04-11 21:00,,
71,-37.816634,144.993007,2020-04-11 7:53,-136222,521791,2020-04-11 7:00,,
71,-37.824406,144.989831,2020-04-11 8:47,-136230,521782,2020-04-11 8:00,,
71,-37.846138,144.991808,2020-04-11 9:40,-136228,521737,2020-04-11 9:00,,
72,-37.920419,145.123584,2020-04-11 12:07,-136247,521970,2020-04-11 12:00,,
72,-37.831744,144.9558,2020-04-11 17:15,-136022,521826,2020-04-11 17:00,,
72,-37.811778,144.98404,2020-04-11 22:23,-136168,521963,2020-04-11 22:00,,
72,-37.831744,144.9558,2020-04-12 3:31,-136123,521942,2020-04-12 3:00,,
72,-37.840885,144.926946,2020-04-12 8:39,-136514,522444,2020-04-12 8:00,,
73,-37.816634,144.993007,2020-04-11 7:18,-136091,521898,2020-04-11 7:00,,
73,-37.885982,145.082342,2020-04-11 7:36,-136228,521737,2020-04-11 7:00,,
74,-37.783753,144.951833,2020-04-11 8:55,-136228,521737,2020-04-11 8:00,,
74,-37.814413,144.979425,2020-04-11 10:51,-136647,522189,2020-04-11 10:00,,
74,-37.846138,144.991808,2020-04-11 12:47,-136220,521790,2020-04-11 12:00,,
75,-37.867555,144.976864,2020-04-11 7:03,-136247,521970,2020-04-11 7:00,,
75,-37.798343,144.960716,2020-04-11 7:07,-136118,521773,2020-04-11 7:00,,
76,-37.791539,144.886764,2020-04-11 8:57,-136123,521942,2020-04-11 8:00,,
76,-37.840885,144.926946,2020-04-11 10:55,-136390,522296,2020-04-11 10:00,,
76,-37.807062,144.957074,2020-04-11 12:53,-136118,521773,2020-04-11 12:00,,
76,-37.810351,144.93698,2020-04-11 14:51,-136222,521791,2020-04-11 14:00,,
76,-37.793484,144.898659,2020-04-11 16:48,-136022,521826,2020-04-11 16:00,,
76,-37.823695,144.906504,2020-04-11 18:46,-136228,521737,2020-04-11 18:00,,
76,-37.852894,144.87908,2020-04-11 20:44,-136075,521858,2020-04-11 20:00,,
76,-37.885982,145.082342,2020-04-11 22:42,-136225,521772,2020-04-11 22:00,,
76,-37.811778,144.98404,2020-04-12 0:40,-136140,521974,2020-04-12 0:00,,
76,-37.852894,144.87908,2020-04-12 2:37,-136247,521970,2020-04-12 2:00,,
77,-37.840041,144.936677,2020-04-11 7:12,-136271,521564,2020-04-11 7:00,,
77,-37.803018,144.971759,2020-04-11 7:25,-136225,521772,2020-04-11 7:00,,
77,-37.821132,144.964615,2020-04-11 7:37,-136091,521898,2020-04-11 7:00,,
77,-37.841619,144.939541,2020-04-11 7:50,-136050,521592,2020-04-11 7:00,,
77,-37.816634,144.993007,2020-04-11 8:03,-136166,521663,2020-04-11 8:00,,
77,-37.783753,144.951833,2020-04-11 8:15,-136140,521974,2020-04-11 8:00,,
77,-37.810351,144.93698,2020-04-11 8:28,-136022,521826,2020-04-11 8:00,,
77,-37.824406,144.989831,2020-04-11 8:41,-136057,521635,2020-04-11 8:00,,
77,-37.816634,144.993007,2020-04-11 8:53,-136195,521840,2020-04-11 8:00,,
78,-37.846138,144.991808,2020-04-11 7:05,-136230,521782,2020-04-11 7:00,,
78,-37.840885,144.926946,2020-04-11 7:11,-136220,521790,2020-04-11 7:00,,
78,-37.783753,144.951833,2020-04-11 7:17,-136647,522189,2020-04-11 7:00,,
79,-37.867555,144.976864,2020-04-11 7:02,-136195,521840,2020-04-11 7:00,,
79,-37.852894,144.87908,2020-04-11 7:05,-136222,521791,2020-04-11 7:00,,
79,-37.783753,144.951833,2020-04-11 7:07,-136166,521663,2020-04-11 7:00,,
79,-37.885982,145.082342,2020-04-11 7:10,-136390,522296,2020-04-11 7:00,,
79,-37.840885,144.926946,2020-04-11 7:12,-136057,521635,2020-04-11 7:00,,
79,-37.867555,144.976864,2020-04-11 7:15,-136157,521872,2020-04-11 7:00,,
79,-37.821132,144.964615,2020-04-11 7:17,-136075,521858,2020-04-11 7:00,,
79,-37.793484,144.898659,2020-04-11 7:20,-136140,521974,2020-04-11 7:00,,
80,-37.783753,144.951833,2020-04-11 7:50,-136390,522296,2020-04-11 7:00,,
80,-37.885982,145.082342,2020-04-11 8:41,-136390,522296,2020-04-11 8:00,,
80,-37.816634,144.993007,2020-04-11 9:32,-136514,522444,2020-04-11 9:00,,
80,-37.811778,144.98404,2020-04-11 10:23,-136271,521564,2020-04-11 10:00,,
80,-37.803018,144.971759,2020-04-11 11:14,-136514,522444,2020-04-11 11:00,,
80,-37.816634,144.993007,2020-04-11 12:05,-136335,521942,2020-04-11 12:00,,
80,-37.852894,144.87908,2020-04-11 12:56,-136225,521772,2020-04-11 12:00,,
80,-37.852894,144.87908,2020-04-11 13:46,-136235,521862,2020-04-11 13:00,,
80,-37.852894,144.87908,2020-04-11 14:37,-136057,521635,2020-04-11 14:00,,
81,-37.885982,145.082342,2020-04-11 9:33,-136157,521872,2020-04-11 9:00,,
81,-37.870704,144.983914,2020-04-11 12:07,-136140,521974,2020-04-11 12:00,,
81,-37.810351,144.93698,2020-04-11 14:41,-136057,521635,2020-04-11 14:00,,
81,-37.803018,144.971759,2020-04-11 17:15,-136166,521663,2020-04-11 17:00,,
81,-37.793484,144.898659,2020-04-11 19:49,-136235,521862,2020-04-11 19:00,,
81,-37.783753,144.951833,2020-04-11 22:23,-136168,521963,2020-04-11 22:00,,
81,-37.803018,144.971759,2020-04-12 0:56,-136222,521791,2020-04-12 0:00,,
81,-37.83546,145.004261,2020-04-12 3:30,-136050,521592,2020-04-12 3:00,,
81,-37.867555,144.976864,2020-04-12 6:04,-136335,521942,2020-04-12 6:00,,
81,-37.811778,144.98404,2020-04-12 8:38,-136118,521773,2020-04-12 8:00,,
82,-37.846138,144.991808,2020-04-11 9:28,-136208,522015,2020-04-11 9:00,,
82,-37.838711,144.94188,2020-04-11 11:57,-136140,521974,2020-04-11 11:00,,
83,-37.793484,144.898659,2020-04-11 15:18,-136195,521840,2020-04-11 15:00,,
83,-37.839331,144.942019,2020-04-11 23:37,-136106,521845,2020-04-11 23:00,,
83,-37.803018,144.971759,2020-04-12 7:56,-136140,521974,2020-04-12 7:00,,
84,-37.831744,144.9558,2020-04-11 8:56,-136132,521925,2020-04-11 8:00,,
84,-37.83546,145.004261,2020-04-11 10:52,-136022,521826,2020-04-11 10:00,,
84,-37.810351,144.93698,2020-04-11 12:48,-136647,522189,2020-04-11 12:00,,
84,-37.838711,144.94188,2020-04-11 14:44,-136514,522444,2020-04-11 14:00,,
84,-37.807062,144.957074,2020-04-11 16:40,-136091,521898,2020-04-11 16:00,,
84,-37.807062,144.957074,2020-04-11 18:36,-136050,521592,2020-04-11 18:00,,
84,-37.829811,144.973556,2020-04-11 20:32,-136390,522296,2020-04-11 20:00,,
85,-37.816634,144.993007,2020-04-11 12:39,-136335,521942,2020-04-11 12:00,,
85,-37.839331,144.942019,2020-04-11 18:19,-136157,521872,2020-04-11 18:00,,
85,-37.920419,145.123584,2020-04-11 23:59,-136166,521663,2020-04-11 23:00,,
85,-37.842836,144.961897,2020-04-12 5:38,-136091,521898,2020-04-12 5:00,,
86,-37.811778,144.98404,2020-04-11 8:06,-136230,521782,2020-04-11 8:00,,
86,-37.838711,144.94188,2020-04-11 9:13,-136271,521564,2020-04-11 9:00,,
86,-37.841619,144.939541,2020-04-11 10:20,-136271,521564,2020-04-11 10:00,,
86,-37.811778,144.98404,2020-04-11 11:27,-136208,522015,2020-04-11 11:00,,
86,-37.846138,144.991808,2020-04-11 12:33,-136647,522189,2020-04-11 12:00,,
86,-37.811778,144.98404,2020-04-11 13:40,-136324,521916,2020-04-11 13:00,,
86,-37.842836,144.961897,2020-04-11 14:47,-136324,521916,2020-04-11 14:00,,
86,-37.803018,144.971759,2020-04-11 15:54,-136050,521592,2020-04-11 15:00,,
86,-37.838711,144.94188,2020-04-11 17:00,-136091,521898,2020-04-11 17:00,,
86,-37.885982,145.082342,2020-04-11 18:07,-136235,521862,2020-04-11 18:00,,
87,-37.841619,144.939541,2020-04-11 8:42,-136335,521942,2020-04-11 8:00,,
87,-37.816634,144.993007,2020-04-11 10:24,-136647,522189,2020-04-11 10:00,,
87,-37.852894,144.87908,2020-04-11 12:06,-136324,521916,2020-04-11 12:00,,
87,-37.867555,144.976864,2020-04-11 13:48,-136075,521858,2020-04-11 13:00,,
87,-37.885982,145.082342,2020-04-11 15:30,-136208,522015,2020-04-11 15:00,,
87,-37.807062,144.957074,2020-04-11 17:12,-136140,521974,2020-04-11 17:00,,
87,-37.793484,144.898659,2020-04-11 18:54,-136514,522444,2020-04-11 18:00,,
88,-37.83546,145.004261,2020-04-11 7:40,-136335,521942,2020-04-11 7:00,,
88,-37.811778,144.98404,2020-04-11 8:21,-136132,521925,2020-04-11 8:00,,
89,-37.821132,144.964615,2020-04-11 7:44,-136075,521858,2020-04-11 7:00,,
89,-37.811778,144.98404,2020-04-11 8:28,-136220,521790,2020-04-11 8:00,,
90,-37.839331,144.942019,2020-04-11 12:42,-136324,521916,2020-04-11 12:00,,
90,-37.841619,144.939541,2020-04-11 18:24,-136247,521970,2020-04-11 18:00,,
90,-37.870704,144.983914,2020-04-12 0:07,-136057,521635,2020-04-12 0:00,,
90,-37.83546,145.004261,2020-04-12 5:49,-136228,521737,2020-04-12 5:00,,
90,-37.791539,144.886764,2020-04-12 11:31,-136222,521791,2020-04-12 11:00,,
90,-37.803018,144.971759,2020-04-12 17:14,-136647,522189,2020-04-12 17:00,,
90,-37.830296,144.973453,2020-04-12 22:56,-136075,521858,2020-04-12 22:00,,
90,-37.793484,144.898659,2020-04-13 4:38,-136228,521737,2020-04-13 4:00,,
90,-37.830296,144.973453,2020-04-13 10:21,-136057,521635,2020-04-13 10:00,,
90,-37.842836,144.961897,2020-04-13 16:03,-136514,522444,2020-04-13 16:00,,
91,-37.831744,144.9558,2020-04-11 8:17,-136140,521974,2020-04-11 8:00,,
92,-37.842836,144.961897,2020-04-11 8:17,-136166,521663,2020-04-11 8:00,,
92,-37.870704,144.983914,2020-04-11 9:35,-136230,521782,2020-04-11 9:00,,
92,-37.831744,144.9558,2020-04-11 10:53,-136247,521970,2020-04-11 10:00,,
93,-37.846138,144.991808,2020-04-11 7:35,-136057,521635,2020-04-11 7:00,,
93,-37.920419,145.123584,2020-04-11 8:10,-136190,521904,2020-04-11 8:00,,
93,-37.870704,144.983914,2020-04-11 8:46,-136106,521845,2020-04-11 8:00,,
93,-37.840041,144.936677,2020-04-11 9:21,-136195,521840,2020-04-11 9:00,,
93,-37.814413,144.979425,2020-04-11 9:57,-136075,521858,2020-04-11 9:00,,
93,-37.885982,145.082342,2020-04-11 10:32,-136057,521635,2020-04-11 10:00,,
93,-37.798343,144.960716,2020-04-11 11:08,-136118,521773,2020-04-11 11:00,,
94,-37.838711,144.94188,2020-04-11 9:54,-136647,522189,2020-04-11 9:00,,
95,-37.793484,144.898659,2020-04-11 17:08,-136335,521942,2020-04-11 17:00,,
95,-37.841619,144.939541,2020-04-12 3:16,-136075,521858,2020-04-12 3:00,,
96,-37.842836,144.961897,2020-04-11 7:53,-136271,521564,2020-04-11 7:00,,
96,-37.842836,144.961897,2020-04-11 8:47,-136075,521858,2020-04-11 8:00,,
96,-37.798343,144.960716,2020-04-11 9:40,-136190,521904,2020-04-11 9:00,,
96,-37.821132,144.964615,2020-04-11 10:34,-136168,521963,2020-04-11 10:00,,
96,-37.829811,144.973556,2020-04-11 11:28,-136132,521925,2020-04-11 11:00,,
96,-37.824406,144.989831,2020-04-11 12:21,-136208,522015,2020-04-11 12:00,,
96,-37.838711,144.94188,2020-04-11 13:15,-136222,521791,2020-04-11 13:00,,
96,-37.821132,144.964615,2020-04-11 14:08,-136208,522015,2020-04-11 14:00,,
96,-37.842836,144.961897,2020-04-11 15:02,-136166,521663,2020-04-11 15:00,,
96,-37.846138,144.991808,2020-04-11 15:56,-136123,521942,2020-04-11 15:00,,
97,-37.811778,144.98404,2020-04-11 9:50,-136230,521782,2020-04-11 9:00,,
97,-37.920419,145.123584,2020-04-11 12:41,-136140,521974,2020-04-11 12:00,,
97,-37.824406,144.989831,2020-04-11 15:31,-136324,521916,2020-04-11 15:00,,
97,-37.793484,144.898659,2020-04-11 18:22,-136208,522015,2020-04-11 18:00,,
97,-37.842836,144.961897,2020-04-11 21:13,-136335,521942,2020-04-11 21:00,,
97,-37.920419,145.123584,2020-04-12 0:03,-136271,521564,2020-04-12 0:00,,
97,-37.852894,144.87908,2020-04-12 2:54,-136057,521635,2020-04-12 2:00,,
97,-37.846138,144.991808,2020-04-12 5:45,-136188,521904,2020-04-12 5:00,,
97,-37.831744,144.9558,2020-04-12 8:35,-136220,521790,2020-04-12 8:00,,
98,-37.831744,144.9558,2020-04-11 8:19,-136208,522015,2020-04-11 8:00,,
98,-37.957262,145.052534,2020-04-11 9:38,-136230,521782,2020-04-11 9:00,,
98,-37.840885,144.926946,2020-04-11 10:57,-136228,521737,2020-04-11 10:00,,
98,-37.885982,145.082342,2020-04-11 12:17,-136195,521840,2020-04-11 12:00,,
98,-37.846138,144.991808,2020-04-11 13:36,-136335,521942,2020-04-11 13:00,,
98,-37.814413,144.979425,2020-04-11 14:55,-136106,521845,2020-04-11 14:00,,
98,-37.870704,144.983914,2020-04-11 16:14,-136123,521942,2020-04-11 16:00,,
98,-37.846138,144.991808,2020-04-11 17:34,-136222,521791,2020-04-11 17:00,,
98,-37.821132,144.964615,2020-04-11 18:53,-136195,521840,2020-04-11 18:00,,
98,-37.803018,144.971759,2020-04-11 20:12,-136647,522189,2020-04-11 20:00,,
99,-37.821132,144.964615,2020-04-11 7:49,-136123,521942,2020-04-11 7:00,,
99,-37.830296,144.973453,2020-04-11 8:38,-136132,521925,2020-04-11 8:00,,
99,-37.920419,145.123584,2020-04-11 9:28,-136132,521925,2020-04-11 9:00,,
99,-37.821132,144.964615,2020-04-11 10:17,-136050,521592,2020-04-11 10:00,,
99,-37.821132,144.964615,2020-04-11 11:07,-136195,521840,2020-04-11 11:00,,
99,-37.791539,144.886764,2020-04-11 11:56,-136647,522189,2020-04-11 11:00,,
99,-37.840885,144.926946,2020-04-11 12:46,-136057,521635,2020-04-11 12:00,,
99,-37.803018,144.971759,2020-04-11 13:35,-136166,521663,2020-04-11 13:00,,
99,-37.83546,145.004261,2020-04-11 14:25,-136050,521592,2020-04-11 14:00,,
99,-37.846138,144.991808,2020-04-11 15:14,-136228,521737,2020-04-11 15:00,,
100,-37.810351,144.93698,2020-04-11 7:59,-136195,521840,2020-04-11 7:00,,
100,-37.885982,145.082342,2020-04-11 8:59,-136123,521942,2020-04-11 8:00,,
100,-37.831744,144.9558,2020-04-11 9:59,-136123,521942,2020-04-11 9:00,,
100,-37.811778,144.98404,2020-04-11 10:59,-136157,521872,2020-04-11 10:00,,
100,-37.816634,144.993007,2020-04-11 11:59,-136335,521942,2020-04-11 11:00,,
100,-37.838711,144.94188,2020-04-11 12:59,-136235,521862,2020-04-11 12:00,,
100,-37.920419,145.123584,2020-04-11 13:58,-136222,521791,2020-04-11 13:00,,
101,-37.870704,144.983914,2020-04-11 7:51,-136220,521790,2020-04-11 7:00,,
101,-37.810351,144.93698,2020-04-11 8:43,-136132,521925,2020-04-11 8:00,,
101,-37.830296,144.973453,2020-04-11 9:35,-136225,521772,2020-04-11 9:00,,
101,-37.810351,144.93698,2020-04-11 10:27,-136225,521772,2020-04-11 10:00,,
101,-37.831744,144.9558,2020-04-11 11:18,-136324,521916,2020-04-11 11:00,,
102,-37.791539,144.886764,2020-04-11 7:01,-136324,521916,2020-04-11 7:00,,
102,-37.867555,144.976864,2020-04-11 7:03,-136188,521904,2020-04-11 7:00,,
102,-37.867555,144.976864,2020-04-11 7:05,-136106,521845,2020-04-11 7:00,,
102,-37.803018,144.971759,2020-04-11 7:07,-136168,521963,2020-04-11 7:00,,
102,-37.838711,144.94188,2020-04-11 7:08,-136157,521872,2020-04-11 7:00,,
102,-37.83546,145.004261,2020-04-11 7:10,-136335,521942,2020-04-11 7:00,,
102,-37.821132,144.964615,2020-04-11 7:12,-136324,521916,2020-04-11 7:00,,
103,-37.803018,144.971759,2020-04-11 8:16,-136271,521564,2020-04-11 8:00,,
103,-37.838711,144.94188,2020-04-11 9:32,-136647,522189,2020-04-11 9:00,,
103,-37.885982,145.082342,2020-04-11 10:48,-136190,521904,2020-04-11 10:00,,
103,-37.846138,144.991808,2020-04-11 12:04,-136235,521862,2020-04-11 12:00,,
103,-37.814413,144.979425,2020-04-11 13:20,-136271,521564,2020-04-11 13:00,,
103,-37.83546,145.004261,2020-04-11 14:36,-136188,521904,2020-04-11 14:00,,
104,-37.839331,144.942019,2020-04-11 10:14,-136106,521845,2020-04-11 10:00,,
104,-37.841619,144.939541,2020-04-11 13:29,-136168,521963,2020-04-11 13:00,,
105,-37.798343,144.960716,2020-04-11 8:48,-136123,521942,2020-04-11 8:00,,
105,-37.846138,144.991808,2020-04-11 10:36,-136247,521970,2020-04-11 10:00,,
105,-37.839331,144.942019,2020-04-11 12:24,-136514,522444,2020-04-11 12:00,,
105,-37.846138,144.991808,2020-04-11 14:13,-136075,521858,2020-04-11 14:00,,
105,-37.823695,144.906504,2020-04-11 16:01,-136390,522296,2020-04-11 16:00,,
105,-37.839331,144.942019,2020-04-11 17:49,-136190,521904,2020-04-11 17:00,,
106,-37.811778,144.98404,2020-04-11 7:20,-136324,521916,2020-04-11 7:00,,
106,-37.841619,144.939541,2020-04-11 7:41,-136271,521564,2020-04-11 7:00,,
107,-37.840885,144.926946,2020-04-11 14:37,-136050,521592,2020-04-11 14:00,,
108,-37.803018,144.971759,2020-04-11 8:41,-136123,521942,2020-04-11 8:00,,
108,-37.823695,144.906504,2020-04-11 10:23,-136225,521772,2020-04-11 10:00,,
109,-37.870704,144.983914,2020-04-11 7:15,-136324,521916,2020-04-11 7:00,,
109,-37.842836,144.961897,2020-04-11 7:31,-136140,521974,2020-04-11 7:00,,
109,-37.803018,144.971759,2020-04-11 7:47,-136222,521791,2020-04-11 7:00,,
109,-37.840885,144.926946,2020-04-11 8:03,-136106,521845,2020-04-11 8:00,,
109,-37.810351,144.93698,2020-04-11 8:19,-136228,521737,2020-04-11 8:00,,
109,-37.830296,144.973453,2020-04-11 8:35,-136106,521845,2020-04-11 8:00,,
109,-37.83546,145.004261,2020-04-11 8:51,-136168,521963,2020-04-11 8:00,,
109,-37.791539,144.886764,2020-04-11 9:07,-136188,521904,2020-04-11 9:00,,
109,-37.810351,144.93698,2020-04-11 9:23,-136188,521904,2020-04-11 9:00,,
109,-37.807062,144.957074,2020-04-11 9:39,-136220,521790,2020-04-11 9:00,,
110,-37.838711,144.94188,2020-04-11 7:00,-136208,522015,2020-04-11 7:00,,
110,-37.814413,144.979425,2020-04-11 7:01,-136228,521737,2020-04-11 7:00,,
110,-37.793484,144.898659,2020-04-11 7:02,-136220,521790,2020-04-11 7:00,,
110,-37.811778,144.98404,2020-04-11 7:03,-136057,521635,2020-04-11 7:00,,
110,-37.816634,144.993007,2020-04-11 7:04,-136157,521872,2020-04-11 7:00,,
110,-37.841619,144.939541,2020-04-11 7:04,-136335,521942,2020-04-11 7:00,,
110,-37.821132,144.964615,2020-04-11 7:05,-136647,522189,2020-04-11 7:00,,
110,-37.816634,144.993007,2020-04-11 7:06,-136222,521791,2020-04-11 7:00,,
110,-37.791539,144.886764,2020-04-11 7:07,-136235,521862,2020-04-11 7:00,,
111,-37.839331,144.942019,2020-04-11 7:55,-136057,521635,2020-04-11 7:00,,
111,-37.885982,145.082342,2020-04-11 8:50,-136188,521904,2020-04-11 8:00,,
111,-37.830296,144.973453,2020-04-11 9:45,-136022,521826,2020-04-11 9:00,,
111,-37.839331,144.942019,2020-04-11 10:41,-136050,521592,2020-04-11 10:00,,
111,-37.821132,144.964615,2020-04-11 11:36,-136091,521898,2020-04-11 11:00,,
111,-37.885982,145.082342,2020-04-11 12:31,-136647,522189,2020-04-11 12:00,,
111,-37.846138,144.991808,2020-04-11 13:27,-136335,521942,2020-04-11 13:00,,
111,-37.821132,144.964615,2020-04-11 14:22,-136324,521916,2020-04-11 14:00,,
112,-37.829811,144.973556,2020-04-11 7:42,-136230,521782,2020-04-11 7:00,,
112,-37.810351,144.93698,2020-04-11 8:24,-136230,521782,2020-04-11 8:00,,
112,-37.839331,144.942019,2020-04-11 9:06,-136228,521737,2020-04-11 9:00,,
112,-37.831744,144.9558,2020-04-11 9:49,-136190,521904,2020-04-11 9:00,,
112,-37.823695,144.906504,2020-04-11 10:31,-136195,521840,2020-04-11 10:00,,
112,-37.852894,144.87908,2020-04-11 11:13,-136230,521782,2020-04-11 11:00,,
113,-37.920419,145.123584,2020-04-11 7:04,-136235,521862,2020-04-11 7:00,,
113,-37.803018,144.971759,2020-04-11 7:08,-136022,521826,2020-04-11 7:00,,
113,-37.83546,145.004261,2020-04-11 7:12,-136225,521772,2020-04-11 7:00,,
113,-37.814413,144.979425,2020-04-11 7:17,-136057,521635,2020-04-11 7:00,,
113,-37.821132,144.964615,2020-04-11 7:21,-136390,522296,2020-04-11 7:00,,
113,-37.814413,144.979425,2020-04-11 7:25,-136195,521840,2020-04-11 7:00,,
113,-37.957262,145.052534,2020-04-11 7:30,-136140,521974,2020-04-11 7:00,,
113,-37.831744,144.9558,2020-04-11 7:34,-136132,521925,2020-04-11 7:00,,
114,-37.838711,144.94188,2020-04-11 9:01,-136123,521942,2020-04-11 9:00,,
114,-37.793484,144.898659,2020-04-11 11:02,-136190,521904,2020-04-11 11:00,,
114,-37.821132,144.964615,2020-04-11 13:03,-136091,521898,2020-04-11 13:00,,
114,-37.791539,144.886764,2020-04-11 15:04,-136022,521826,2020-04-11 15:00,,
114,-37.829811,144.973556,2020-04-11 17:05,-136222,521791,2020-04-11 17:00,,
115,-37.83546,145.004261,2020-04-11 7:41,-136222,521791,2020-04-11 7:00,,
115,-37.838711,144.94188,2020-04-11 8:22,-136157,521872,2020-04-11 8:00,,
115,-37.885982,145.082342,2020-04-11 9:03,-136230,521782,2020-04-11 9:00,,
115,-37.783753,144.951833,2020-04-11 9:45,-136390,522296,2020-04-11 9:00,,
115,-37.807062,144.957074,2020-04-11 10:26,-136190,521904,2020-04-11 10:00,,
116,-37.814413,144.979425,2020-04-11 7:53,-136106,521845,2020-04-11 7:00,,
116,-37.852894,144.87908,2020-04-11 8:46,-136235,521862,2020-04-11 8:00,,
116,-37.957262,145.052534,2020-04-11 9:39,-136235,521862,2020-04-11 9:00,,
117,-37.823695,144.906504,2020-04-11 8:01,-136168,521963,2020-04-11 8:00,,
117,-37.783753,144.951833,2020-04-11 9:03,-136140,521974,2020-04-11 9:00,,
117,-37.807062,144.957074,2020-04-11 10:05,-136222,521791,2020-04-11 10:00,,
117,-37.783753,144.951833,2020-04-11 11:07,-136057,521635,2020-04-11 11:00,,
118,-37.810351,144.93698,2020-04-11 7:20,-136208,522015,2020-04-11 7:00,,
118,-37.842836,144.961897,2020-04-11 7:40,-136075,521858,2020-04-11 7:00,,
118,-37.867555,144.976864,2020-04-11 8:00,-136225,521772,2020-04-11 8:00,,
118,-37.823695,144.906504,2020-04-11 8:21,-136190,521904,2020-04-11 8:00,,
118,-37.838711,144.94188,2020-04-11 8:41,-136075,521858,2020-04-11 8:00,,
118,-37.783753,144.951833,2020-04-11 9:01,-136123,521942,2020-04-11 9:00,,
118,-37.846138,144.991808,2020-04-11 9:22,-136190,521904,2020-04-11 9:00,,
118,-37.811778,144.98404,2020-04-11 9:42,-136057,521635,2020-04-11 9:00,,
118,-37.814413,144.979425,2020-04-11 10:02,-136132,521925,2020-04-11 10:00,,
118,-37.957262,145.052534,2020-04-11 10:23,-136514,522444,2020-04-11 10:00,,
119,-37.830296,144.973453,2020-04-11 7:52,-136271,521564,2020-04-11 7:00,,
119,-37.957262,145.052534,2020-04-11 8:45,-136514,522444,2020-04-11 8:00,,
119,-37.798343,144.960716,2020-04-11 9:38,-136208,522015,2020-04-11 9:00,,
119,-37.957262,145.052534,2020-04-11 10:31,-136118,521773,2020-04-11 10:00,,
120,-37.83546,145.004261,2020-04-11 7:03,-136390,522296,2020-04-11 7:00,,
120,-37.831744,144.9558,2020-04-11 7:06,-136195,521840,2020-04-11 7:00,,
120,-37.830296,144.973453,2020-04-11 7:09,-136123,521942,2020-04-11 7:00,,
120,-37.840885,144.926946,2020-04-11 7:12,-136208,522015,2020-04-11 7:00,,
120,-37.793484,144.898659,2020-04-11 7:15,-136222,521791,2020-04-11 7:00,,
120,-37.793484,144.898659,2020-04-11 7:18,-136514,522444,2020-04-11 7:00,,
120,-37.852894,144.87908,2020-04-11 7:21,-136247,521970,2020-04-11 7:00,,
120,-37.810351,144.93698,2020-04-11 7:24,-136190,521904,2020-04-11 7:00,,
121,-37.814413,144.979425,2020-04-11 11:39,-136118,521773,2020-04-11 11:00,,
121,-37.791539,144.886764,2020-04-11 16:18,-136057,521635,2020-04-11 16:00,,
122,-37.842836,144.961897,2020-04-11 7:17,-136195,521840,2020-04-11 7:00,,
122,-37.920419,145.123584,2020-04-11 7:35,-136225,521772,2020-04-11 7:00,,
122,-37.842836,144.961897,2020-04-11 7:53,-136140,521974,2020-04-11 7:00,,
122,-37.823695,144.906504,2020-04-11 8:11,-136075,521858,2020-04-11 8:00,,
123,-37.841619,144.939541,2020-04-11 8:13,-136075,521858,2020-04-11 8:00,,
123,-37.867555,144.976864,2020-04-11 9:27,-136247,521970,2020-04-11 9:00,,
123,-37.842836,144.961897,2020-04-11 10:41,-136091,521898,2020-04-11 10:00,,
123,-37.838711,144.94188,2020-04-11 11:55,-136335,521942,2020-04-11 11:00,,
123,-37.885982,145.082342,2020-04-11 13:09,-136168,521963,2020-04-11 13:00,,
123,-37.816634,144.993007,2020-04-11 14:23,-136123,521942,2020-04-11 14:00,,
123,-37.814413,144.979425,2020-04-11 15:37,-136220,521790,2020-04-11 15:00,,
123,-37.831744,144.9558,2020-04-11 16:50,-136050,521592,2020-04-11 16:00,,
123,-37.807062,144.957074,2020-04-11 18:04,-136222,521791,2020-04-11 18:00,,
124,-37.811778,144.98404,2020-04-11 7:06,-136271,521564,2020-04-11 7:00,,
124,-37.840041,144.936677,2020-04-11 7:12,-136106,521845,2020-04-11 7:00,,
124,-37.791539,144.886764,2020-04-11 7:19,-136057,521635,2020-04-11 7:00,,
124,-37.824406,144.989831,2020-04-11 7:25,-136230,521782,2020-04-11 7:00,,
124,-37.831744,144.9558,2020-04-11 7:32,-136190,521904,2020-04-11 7:00,,
124,-37.840885,144.926946,2020-04-11 7:38,-136225,521772,2020-04-11 7:00,,
124,-37.823695,144.906504,2020-04-11 7:45,-136324,521916,2020-04-11 7:00,,
124,-37.852894,144.87908,2020-04-11 7:51,-136195,521840,2020-04-11 7:00,,
125,-37.838711,144.94188,2020-04-11 7:14,-136228,521737,2020-04-11 7:00,,
125,-37.829811,144.973556,2020-04-11 7:28,-136118,521773,2020-04-11 7:00,,
125,-37.838711,144.94188,2020-04-11 7:43,-136123,521942,2020-04-11 7:00,,
125,-37.842836,144.961897,2020-04-11 7:57,-136208,522015,2020-04-11 7:00,,
125,-37.870704,144.983914,2020-04-11 8:11,-136050,521592,2020-04-11 8:00,,
125,-37.807062,144.957074,2020-04-11 8:26,-136222,521791,2020-04-11 8:00,,
125,-37.83546,145.004261,2020-04-11 8:40,-136057,521635,2020-04-11 8:00,,
125,-37.783753,144.951833,2020-04-11 8:54,-136247,521970,2020-04-11 8:00,,
125,-37.793484,144.898659,2020-04-11 9:09,-136091,521898,2020-04-11 9:00,,
126,-37.821132,144.964615,2020-04-11 9:53,-136514,522444,2020-04-11 9:00,,
126,-37.811778,144.98404,2020-04-11 12:47,-136647,522189,2020-04-11 12:00,,
127,-37.920419,145.123584,2020-04-11 8:24,-136247,521970,2020-04-11 8:00,,
127,-37.807062,144.957074,2020-04-11 9:48,-136647,522189,2020-04-11 9:00,,
127,-37.814413,144.979425,2020-04-11 11:12,-136132,521925,2020-04-11 11:00,,
127,-37.841619,144.939541,2020-04-11 12:37,-136324,521916,2020-04-11 12:00,,
127,-37.852894,144.87908,2020-04-11 14:01,-136220,521790,2020-04-11 14:00,,
127,-37.830296,144.973453,2020-04-11 15:25,-136390,522296,2020-04-11 15:00,,
128,-37.793484,144.898659,2020-04-11 7:31,-136190,521904,2020-04-11 7:00,,
128,-37.885982,145.082342,2020-04-11 8:03,-136106,521845,2020-04-11 8:00,,
128,-37.810351,144.93698,2020-04-11 8:34,-136057,521635,2020-04-11 8:00,,
129,-37.838711,144.94188,2020-04-11 14:37,-136647,522189,2020-04-11 14:00,,
130,-37.838711,144.94188,2020-04-11 7:53,-136091,521898,2020-04-11 7:00,,
130,-37.823695,144.906504,2020-04-11 8:47,-136230,521782,2020-04-11 8:00,,
130,-37.829811,144.973556,2020-04-11 9:41,-136247,521970,2020-04-11 9:00,,
130,-37.842836,144.961897,2020-04-11 10:35,-136091,521898,2020-04-11 10:00,,
130,-37.793484,144.898659,2020-04-11 11:29,-136390,522296,2020-04-11 11:00,,
130,-37.920419,145.123584,2020-04-11 12:23,-136390,522296,2020-04-11 12:00,,
130,-37.957262,145.052534,2020-04-11 13:16,-136225,521772,2020-04-11 13:00,,
130,-37.803018,144.971759,2020-04-11 14:10,-136324,521916,2020-04-11 14:00,,
131,-37.807062,144.957074,2020-04-11 8:00,-136335,521942,2020-04-11 8:00,,
131,-37.852894,144.87908,2020-04-11 9:00,-136195,521840,2020-04-11 9:00,,
131,-37.810351,144.93698,2020-04-11 10:00,-136106,521845,2020-04-11 10:00,,
131,-37.793484,144.898659,2020-04-11 11:00,-136335,521942,2020-04-11 11:00,,
131,-37.783753,144.951833,2020-04-11 12:00,-136195,521840,2020-04-11 12:00,,
131,-37.803018,144.971759,2020-04-11 13:01,-136514,522444,2020-04-11 13:00,,
131,-37.842836,144.961897,2020-04-11 14:01,-136157,521872,2020-04-11 14:00,,
131,-37.816634,144.993007,2020-04-11 15:01,-136208,522015,2020-04-11 15:00,,
131,-37.852894,144.87908,2020-04-11 16:01,-136118,521773,2020-04-11 16:00,,
132,-37.840885,144.926946,2020-04-11 13:30,-136190,521904,2020-04-11 13:00,,
133,-37.816634,144.993007,2020-04-11 7:27,-136271,521564,2020-04-11 7:00,,
133,-37.803018,144.971759,2020-04-11 7:54,-136230,521782,2020-04-11 7:00,,
133,-37.885982,145.082342,2020-04-11 8:22,-136235,521862,2020-04-11 8:00,,
133,-37.852894,144.87908,2020-04-11 8:49,-136222,521791,2020-04-11 8:00,,
133,-37.839331,144.942019,2020-04-11 9:16,-136091,521898,2020-04-11 9:00,,
133,-37.842836,144.961897,2020-04-11 9:44,-136022,521826,2020-04-11 9:00,,
133,-37.920419,145.123584,2020-04-11 10:11,-136235,521862,2020-04-11 10:00,,
133,-37.793484,144.898659,2020-04-11 10:38,-136157,521872,2020-04-11 10:00,,
133,-37.814413,144.979425,2020-04-11 11:06,-136228,521737,2020-04-11 11:00,,
134,-37.920419,145.123584,2020-04-11 12:18,-136335,521942,2020-04-11 12:00,,
135,-37.920419,145.123584,2020-04-11 12:34,-136022,521826,2020-04-11 12:00,,
136,-37.811778,144.98404,2020-04-11 7:53,-136220,521790,2020-04-11 7:00,,
136,-37.830296,144.973453,2020-04-11 8:47,-136166,521663,2020-04-11 8:00,,
136,-37.839331,144.942019,2020-04-11 9:40,-136166,521663,2020-04-11 9:00,,
136,-37.810351,144.93698,2020-04-11 10:34,-136247,521970,2020-04-11 10:00,,
136,-37.829811,144.973556,2020-04-11 11:27,-136220,521790,2020-04-11 11:00,,
136,-37.798343,144.960716,2020-04-11 12:21,-136390,522296,2020-04-11 12:00,,
136,-37.840885,144.926946,2020-04-11 13:15,-136166,521663,2020-04-11 13:00,,
136,-37.830296,144.973453,2020-04-11 14:08,-136188,521904,2020-04-11 14:00,,
137,-37.829811,144.973556,2020-04-11 12:48,-136271,521564,2020-04-11 12:00,,
137,-37.840041,144.936677,2020-04-11 18:36,-136220,521790,2020-04-11 18:00,,
138,-37.840041,144.936677,2020-04-11 7:48,-136324,521916,2020-04-11 7:00,,
139,-37.839331,144.942019,2020-04-11 8:05,-136647,522189,2020-04-11 8:00,,
139,-37.840885,144.926946,2020-04-11 9:11,-136222,521791,2020-04-11 9:00,,
139,-37.867555,144.976864,2020-04-11 10:16,-136106,521845,2020-04-11 10:00,,
139,-37.840041,144.936677,2020-04-11 11:22,-136168,521963,2020-04-11 11:00,,
139,-37.957262,145.052534,2020-04-11 12:27,-136225,521772,2020-04-11 12:00,,
139,-37.814413,144.979425,2020-04-11 13:33,-136228,521737,2020-04-11 13:00,,
139,-37.824406,144.989831,2020-04-11 14:38,-136140,521974,2020-04-11 14:00,,
139,-37.867555,144.976864,2020-04-11 15:44,-136271,521564,2020-04-11 15:00,,
140,-37.831744,144.9558,2020-04-11 8:05,-136225,521772,2020-04-11 8:00,,
140,-37.793484,144.898659,2020-04-11 9:10,-136057,521635,2020-04-11 9:00,,
140,-37.83546,145.004261,2020-04-11 10:15,-136188,521904,2020-04-11 10:00,,
140,-37.957262,145.052534,2020-04-11 11:20,-136235,521862,2020-04-11 11:00,,
140,-37.846138,144.991808,2020-04-11 12:25,-136123,521942,2020-04-11 12:00,,
141,-37.841619,144.939541,2020-04-11 7:42,-136220,521790,2020-04-11 7:00,,
141,-37.839331,144.942019,2020-04-11 8:25,-136195,521840,2020-04-11 8:00,,
141,-37.829811,144.973556,2020-04-11 9:07,-136166,521663,2020-04-11 9:00,,
141,-37.811778,144.98404,2020-04-11 9:50,-136123,521942,2020-04-11 9:00,,
141,-37.831744,144.9558,2020-04-11 10:33,-136647,522189,2020-04-11 10:00,,
141,-37.839331,144.942019,2020-04-11 11:15,-136208,522015,2020-04-11 11:00,,
141,-37.783753,144.951833,2020-04-11 11:58,-136140,521974,2020-04-11 11:00,,
141,-37.920419,145.123584,2020-04-11 12:40,-136022,521826,2020-04-11 12:00,,
142,-37.831744,144.9558,2020-04-11 8:27,-136166,521663,2020-04-11 8:00,,
142,-37.840041,144.936677,2020-04-11 9:54,-136190,521904,2020-04-11 9:00,,
142,-37.838711,144.94188,2020-04-11 11:21,-136118,521773,2020-04-11 11:00,,
142,-37.870704,144.983914,2020-04-11 12:48,-136324,521916,2020-04-11 12:00,,
143,-37.783753,144.951833,2020-04-11 7:30,-136195,521840,2020-04-11 7:00,,
143,-37.846138,144.991808,2020-04-11 8:01,-136208,522015,2020-04-11 8:00,,
143,-37.840041,144.936677,2020-04-11 8:32,-136168,521963,2020-04-11 8:00,,
143,-37.867555,144.976864,2020-04-11 9:03,-136208,522015,2020-04-11 9:00,,
144,-37.885982,145.082342,2020-04-11 7:10,-136188,521904,2020-04-11 7:00,,
144,-37.810351,144.93698,2020-04-11 7:21,-136057,521635,2020-04-11 7:00,,
144,-37.798343,144.960716,2020-04-11 7:32,-136106,521845,2020-04-11 7:00,,
144,-37.814413,144.979425,2020-04-11 7:43,-136208,522015,2020-04-11 7:00,,
144,-37.783753,144.951833,2020-04-11 7:54,-136335,521942,2020-04-11 7:00,,
144,-37.842836,144.961897,2020-04-11 8:05,-136091,521898,2020-04-11 8:00,,
144,-37.798343,144.960716,2020-04-11 8:16,-136514,522444,2020-04-11 8:00,,
144,-37.783753,144.951833,2020-04-11 8:27,-136190,521904,2020-04-11 8:00,,
144,-37.816634,144.993007,2020-04-11 8:38,-136106,521845,2020-04-11 8:00,,
144,-37.807062,144.957074,2020-04-11 8:49,-136230,521782,2020-04-11 8:00,,
145,-37.867555,144.976864,2020-04-11 8:35,-136168,521963,2020-04-11 8:00,,
145,-37.829811,144.973556,2020-04-11 10:10,-136123,521942,2020-04-11 10:00,,
145,-37.83546,145.004261,2020-04-11 11:45,-136324,521916,2020-04-11 11:00,,
145,-37.83546,145.004261,2020-04-11 13:20,-136514,522444,2020-04-11 13:00,,
146,-37.867555,144.976864,2020-04-11 7:42,-136230,521782,2020-04-11 7:00,,
146,-37.810351,144.93698,2020-04-11 8:25,-136118,521773,2020-04-11 8:00,,
146,-37.920419,145.123584,2020-04-11 9:08,-136335,521942,2020-04-11 9:00,,
147,-37.846138,144.991808,2020-04-11 7:49,-136118,521773,2020-04-11 7:00,,
147,-37.811778,144.98404,2020-04-11 8:39,-136190,521904,2020-04-11 8:00,,
147,-37.885982,145.082342,2020-04-11 9:29,-136022,521826,2020-04-11 9:00,,
147,-37.846138,144.991808,2020-04-11 10:19,-136166,521663,2020-04-11 10:00,,
148,-37.807062,144.957074,2020-04-11 8:05,-136514,522444,2020-04-11 8:00,,
148,-37.867555,144.976864,2020-04-11 9:10,-136123,521942,2020-04-11 9:00,,
148,-37.957262,145.052534,2020-04-11 10:15,-136057,521635,2020-04-11 10:00,,
148,-37.870704,144.983914,2020-04-11 11:20,-136647,522189,2020-04-11 11:00,,
148,-37.810351,144.93698,2020-04-11 12:26,-136271,521564,2020-04-11 12:00,,
148,-37.823695,144.906504,2020-04-11 13:31,-136335,521942,2020-04-11 13:00,,
148,-37.798343,144.960716,2020-04-11 14:36,-136057,521635,2020-04-11 14:00,,
148,-37.83546,145.004261,2020-04-11 15:41,-136208,522015,2020-04-11 15:00,,
148,-37.830296,144.973453,2020-04-11 16:47,-136166,521663,2020-04-11 16:00,,
148,-37.867555,144.976864,2020-04-11 17:52,-136220,521790,2020-04-11 17:00,,
149,-37.846138,144.991808,2020-04-11 12:05,-136123,521942,2020-04-11 12:00,,
149,-37.841619,144.939541,2020-04-11 17:10,-136157,521872,2020-04-11 17:00,,
150,-37.830296,144.973453,2020-04-11 8:51,-136118,521773,2020-04-11 8:00,,
150,-37.803018,144.971759,2020-04-11 10:42,-136390,522296,2020-04-11 10:00,,
150,-37.807062,144.957074,2020-04-11 12:34,-136118,521773,2020-04-11 12:00,,
150,-37.840041,144.936677,2020-04-11 14:25,-136157,521872,2020-04-11 14:00,,
150,-37.807062,144.957074,2020-04-11 16:17,-136188,521904,2020-04-11 16:00,,
150,-37.957262,145.052534,2020-04-11 18:08,-136335,521942,2020-04-11 18:00,,
151,-37.842836,144.961897,2020-04-11 10:35,-136091,521898,2020-04-11 10:00,,
151,-37.811778,144.98404,2020-04-11 14:10,-136647,522189,2020-04-11 14:00,,
151,-37.841619,144.939541,2020-04-11 17:46,-136123,521942,2020-04-11 17:00,,
152,-37.867555,144.976864,2020-04-11 7:00,-136228,521737,2020-04-11 7:00,,
152,-37.791539,144.886764,2020-04-11 7:01,-136118,521773,2020-04-11 7:00,,
152,-37.791539,144.886764,2020-04-11 7:01,-136022,521826,2020-04-11 7:00,,
153,-37.824406,144.989831,2020-04-11 9:59,-136168,521963,2020-04-11 9:00,,
153,-37.816634,144.993007,2020-04-11 12:59,-136123,521942,2020-04-11 12:00,,
153,-37.957262,145.052534,2020-04-11 15:59,-136050,521592,2020-04-11 15:00,,
153,-37.839331,144.942019,2020-04-11 18:58,-136335,521942,2020-04-11 18:00,,
154,-37.846138,144.991808,2020-04-11 8:49,-136140,521974,2020-04-11 8:00,,
154,-37.798343,144.960716,2020-04-11 10:39,-136123,521942,2020-04-11 10:00,,
155,-37.807062,144.957074,2020-04-11 8:20,-136118,521773,2020-04-11 8:00,,
155,-37.830296,144.973453,2020-04-11 9:40,-136123,521942,2020-04-11 9:00,,
155,-37.838711,144.94188,2020-04-11 11:00,-136057,521635,2020-04-11 11:00,,
155,-37.840041,144.936677,2020-04-11 12:21,-136235,521862,2020-04-11 12:00,,
155,-37.803018,144.971759,2020-04-11 13:41,-136166,521663,2020-04-11 13:00,,
155,-37.816634,144.993007,2020-04-11 15:01,-136195,521840,2020-04-11 15:00,,
156,-37.840041,144.936677,2020-04-11 8:04,-136222,521791,2020-04-11 8:00,,
156,-37.831744,144.9558,2020-04-11 9:09,-136168,521963,2020-04-11 9:00,,
156,-37.798343,144.960716,2020-04-11 10:13,-136157,521872,2020-04-11 10:00,,
156,-37.814413,144.979425,2020-04-11 11:18,-136050,521592,2020-04-11 11:00,,
156,-37.838711,144.94188,2020-04-11 12:23,-136225,521772,2020-04-11 12:00,,
156,-37.920419,145.123584,2020-04-11 13:27,-136057,521635,2020-04-11 13:00,,
156,-37.838711,144.94188,2020-04-11 14:32,-136166,521663,2020-04-11 14:00,,
156,-37.783753,144.951833,2020-04-11 15:36,-136335,521942,2020-04-11 15:00,,
156,-37.798343,144.960716,2020-04-11 16:41,-136208,522015,2020-04-11 16:00,,
156,-37.807062,144.957074,2020-04-11 17:46,-136195,521840,2020-04-11 17:00,,
157,-37.870704,144.983914,2020-04-11 7:00,-136247,521970,2020-04-11 7:00,,
157,-37.793484,144.898659,2020-04-11 7:00,-136324,521916,2020-04-11 7:00,,
157,-37.870704,144.983914,2020-04-11 7:00,-136324,521916,2020-04-11 7:00,,
157,-37.821132,144.964615,2020-04-11 7:00,-136168,521963,2020-04-11 7:00,,
158,-37.811778,144.98404,2020-04-11 8:12,-136228,521737,2020-04-11 8:00,,
158,-37.830296,144.973453,2020-04-11 9:24,-136222,521791,2020-04-11 9:00,,
158,-37.821132,144.964615,2020-04-11 10:37,-136091,521898,2020-04-11 10:00,,
158,-37.807062,144.957074,2020-04-11 11:49,-136390,522296,2020-04-11 11:00,,
158,-37.814413,144.979425,2020-04-11 13:01,-136228,521737,2020-04-11 13:00,,
158,-37.793484,144.898659,2020-04-11 14:14,-136140,521974,2020-04-11 14:00,,
158,-37.824406,144.989831,2020-04-11 15:26,-136390,522296,2020-04-11 15:00,,
158,-37.83546,145.004261,2020-04-11 16:39,-136208,522015,2020-04-11 16:00,,
158,-37.841619,144.939541,2020-04-11 17:51,-136188,521904,2020-04-11 17:00,,
159,-37.957262,145.052534,2020-04-11 7:26,-136195,521840,2020-04-11 7:00,,
159,-37.867555,144.976864,2020-04-11 7:53,-136225,521772,2020-04-11 7:00,,
159,-37.783753,144.951833,2020-04-11 8:20,-136188,521904,2020-04-11 8:00,,
159,-37.870704,144.983914,2020-04-11 8:47,-136235,521862,2020-04-11 8:00,,
159,-37.821132,144.964615,2020-04-11 9:14,-136050,521592,2020-04-11 9:00,,
159,-37.824406,144.989831,2020-04-11 9:40,-136190,521904,2020-04-11 9:00,,
159,-37.852894,144.87908,2020-04-11 10:07,-136123,521942,2020-04-11 10:00,,
159,-37.798343,144.960716,2020-04-11 10:34,-136235,521862,2020-04-11 10:00,,
160,-37.841619,144.939541,2020-04-11 7:57,-136247,521970,2020-04-11 7:00,,
160,-37.840885,144.926946,2020-04-11 8:55,-136166,521663,2020-04-11 8:00,,
160,-37.798343,144.960716,2020-04-11 9:53,-136220,521790,2020-04-11 9:00,,
160,-37.867555,144.976864,2020-04-11 10:51,-136208,522015,2020-04-11 10:00,,
160,-37.885982,145.082342,2020-04-11 11:48,-136220,521790,2020-04-11 11:00,,
160,-37.807062,144.957074,2020-04-11 12:46,-136091,521898,2020-04-11 12:00,,
160,-37.811778,144.98404,2020-04-11 13:44,-136514,522444,2020-04-11 13:00,,
160,-37.840041,144.936677,2020-04-11 14:42,-136022,521826,2020-04-11 14:00,,
160,-37.821132,144.964615,2020-04-11 15:39,-136230,521782,2020-04-11 15:00,,
160,-37.791539,144.886764,2020-04-11 16:37,-136514,522444,2020-04-11 16:00,,
161,-37.823695,144.906504,2020-04-11 7:30,-136335,521942,2020-04-11 7:00,,
161,-37.793484,144.898659,2020-04-11 8:00,-136271,521564,2020-04-11 8:00,,
161,-37.798343,144.960716,2020-04-11 8:30,-136222,521791,2020-04-11 8:00,,
161,-37.798343,144.960716,2020-04-11 9:00,-136132,521925,2020-04-11 9:00,,
161,-37.841619,144.939541,2020-04-11 9:31,-136091,521898,2020-04-11 9:00,,
161,-37.885982,145.082342,2020-04-11 10:01,-136514,522444,2020-04-11 10:00,,
161,-37.829811,144.973556,2020-04-11 10:31,-136075,521858,2020-04-11 10:00,,
161,-37.831744,144.9558,2020-04-11 11:01,-136228,521737,2020-04-11 11:00,,
162,-37.824406,144.989831,2020-04-11 7:41,-136091,521898,2020-04-11 7:00,,
162,-37.810351,144.93698,2020-04-11 8:23,-136118,521773,2020-04-11 8:00,,
162,-37.885982,145.082342,2020-04-11 9:04,-136190,521904,2020-04-11 9:00,,
162,-37.814413,144.979425,2020-04-11 9:46,-136235,521862,2020-04-11 9:00,,
162,-37.810351,144.93698,2020-04-11 10:27,-136271,521564,2020-04-11 10:00,,
162,-37.840041,144.936677,2020-04-11 11:09,-136228,521737,2020-04-11 11:00,,
162,-37.841619,144.939541,2020-04-11 11:50,-136222,521791,2020-04-11 11:00,,
162,-37.840041,144.936677,2020-04-11 12:32,-136050,521592,2020-04-11 12:00,,
163,-37.839331,144.942019,2020-04-11 8:28,-136050,521592,2020-04-11 8:00,,
163,-37.846138,144.991808,2020-04-11 9:56,-136230,521782,2020-04-11 9:00,,
163,-37.811778,144.98404,2020-04-11 11:24,-136168,521963,2020-04-11 11:00,,
163,-37.852894,144.87908,2020-04-11 12:53,-136230,521782,2020-04-11 12:00,,
163,-37.870704,144.983914,2020-04-11 14:21,-136168,521963,2020-04-11 14:00,,
163,-37.842836,144.961897,2020-04-11 15:49,-136050,521592,2020-04-11 15:00,,
164,-37.810351,144.93698,2020-04-11 8:22,-136166,521663,2020-04-11 8:00,,
164,-37.807062,144.957074,2020-04-11 9:44,-136390,522296,2020-04-11 9:00,,
164,-37.811778,144.98404,2020-04-11 11:07,-136118,521773,2020-04-11 11:00,,
164,-37.842836,144.961897,2020-04-11 12:29,-136190,521904,2020-04-11 12:00,,
165,-37.783753,144.951833,2020-04-11 12:45,-136106,521845,2020-04-11 12:00,,
165,-37.831744,144.9558,2020-04-11 18:31,-136390,522296,2020-04-11 18:00,,
166,-37.957262,145.052534,2020-04-11 9:22,-136190,521904,2020-04-11 9:00,,
166,-37.831744,144.9558,2020-04-11 11:45,-136335,521942,2020-04-11 11:00,,
166,-37.838711,144.94188,2020-04-11 14:08,-136190,521904,2020-04-11 14:00,,
166,-37.807062,144.957074,2020-04-11 16:31,-136022,521826,2020-04-11 16:00,,
166,-37.803018,144.971759,2020-04-11 18:54,-136235,521862,2020-04-11 18:00,,
167,-37.842836,144.961897,2020-04-11 8:08,-136168,521963,2020-04-11 8:00,,
167,-37.814413,144.979425,2020-04-11 9:16,-136271,521564,2020-04-11 9:00,,
167,-37.823695,144.906504,2020-04-11 10:25,-136157,521872,2020-04-11 10:00,,
167,-37.83546,145.004261,2020-04-11 11:33,-136190,521904,2020-04-11 11:00,,
167,-37.793484,144.898659,2020-04-11 12:41,-136514,522444,2020-04-11 12:00,,
167,-37.823695,144.906504,2020-04-11 13:50,-136188,521904,2020-04-11 13:00,,
167,-37.791539,144.886764,2020-04-11 14:58,-136157,521872,2020-04-11 14:00,,
167,-37.920419,145.123584,2020-04-11 16:06,-136230,521782,2020-04-11 16:00,,
167,-37.957262,145.052534,2020-04-11 17:15,-136324,521916,2020-04-11 17:00,,
168,-37.870704,144.983914,2020-04-11 10:16,-136220,521790,2020-04-11 10:00,,
169,-37.821132,144.964615,2020-04-11 9:44,-136220,521790,2020-04-11 9:00,,
169,-37.824406,144.989831,2020-04-11 12:29,-136188,521904,2020-04-11 12:00,,
170,-37.798343,144.960716,2020-04-11 7:52,-136230,521782,2020-04-11 7:00,,
170,-37.840885,144.926946,2020-04-11 8:45,-136118,521773,2020-04-11 8:00,,
170,-37.840885,144.926946,2020-04-11 9:37,-136514,522444,2020-04-11 9:00,,
170,-37.811778,144.98404,2020-04-11 10:30,-136324,521916,2020-04-11 10:00,,
170,-37.803018,144.971759,2020-04-11 11:23,-136390,522296,2020-04-11 11:00,,
170,-37.885982,145.082342,2020-04-11 12:15,-136106,521845,2020-04-11 12:00,,
170,-37.870704,144.983914,2020-04-11 13:08,-136228,521737,2020-04-11 13:00,,
170,-37.839331,144.942019,2020-04-11 14:00,-136225,521772,2020-04-11 14:00,,
170,-37.920419,145.123584,2020-04-11 14:53,-136123,521942,2020-04-11 14:00,,
171,-37.840885,144.926946,2020-04-11 8:43,-136335,521942,2020-04-11 8:00,,
171,-37.885982,145.082342,2020-04-11 10:26,-136235,521862,2020-04-11 10:00,,
171,-37.841619,144.939541,2020-04-11 12:10,-136091,521898,2020-04-11 12:00,,
171,-37.811778,144.98404,2020-04-11 13:53,-136335,521942,2020-04-11 13:00,,
171,-37.870704,144.983914,2020-04-11 15:37,-136057,521635,2020-04-11 15:00,,
172,-37.791539,144.886764,2020-04-11 11:30,-136390,522296,2020-04-11 11:00,,
172,-37.846138,144.991808,2020-04-11 16:00,-136190,521904,2020-04-11 16:00,,
173,-37.840041,144.936677,2020-04-11 8:40,-136208,522015,2020-04-11 8:00,,
173,-37.831744,144.9558,2020-04-11 10:21,-136190,521904,2020-04-11 10:00,,
173,-37.838711,144.94188,2020-04-11 12:01,-136050,521592,2020-04-11 12:00,,
173,-37.791539,144.886764,2020-04-11 13:42,-136195,521840,2020-04-11 13:00,,
173,-37.83546,145.004261,2020-04-11 15:22,-136390,522296,2020-04-11 15:00,,
173,-37.821132,144.964615,2020-04-11 17:03,-136390,522296,2020-04-11 17:00,,
174,-37.83546,145.004261,2020-04-11 8:26,-136123,521942,2020-04-11 8:00,,
174,-37.814413,144.979425,2020-04-11 9:52,-136190,521904,2020-04-11 9:00,,
174,-37.793484,144.898659,2020-04-11 11:18,-136324,521916,2020-04-11 11:00,,
174,-37.811778,144.98404,2020-04-11 12:44,-136106,521845,2020-04-11 12:00,,
174,-37.783753,144.951833,2020-04-11 14:11,-136075,521858,2020-04-11 14:00,,
174,-37.842836,144.961897,2020-04-11 15:37,-136168,521963,2020-04-11 15:00,,
175,-37.840885,144.926946,2020-04-11 8:01,-136235,521862,2020-04-11 8:00,,
175,-37.793484,144.898659,2020-04-11 9:03,-136222,521791,2020-04-11 9:00,,
175,-37.867555,144.976864,2020-04-11 10:04,-136057,521635,2020-04-11 10:00,,
175,-37.793484,144.898659,2020-04-11 11:06,-136140,521974,2020-04-11 11:00,,
175,-37.816634,144.993007,2020-04-11 12:08,-136166,521663,2020-04-11 12:00,,
175,-37.846138,144.991808,2020-04-11 13:09,-136075,521858,2020-04-11 13:00,,
175,-37.824406,144.989831,2020-04-11 14:11,-136228,521737,2020-04-11 14:00,,
176,-37.816634,144.993007,2020-04-11 7:57,-136220,521790,2020-04-11 7:00,,
176,-37.793484,144.898659,2020-04-11 8:54,-136188,521904,2020-04-11 8:00,,
176,-37.885982,145.082342,2020-04-11 9:51,-136075,521858,2020-04-11 9:00,,
176,-37.814413,144.979425,2020-04-11 10:49,-136157,521872,2020-04-11 10:00,,
176,-37.810351,144.93698,2020-04-11 11:46,-136157,521872,2020-04-11 11:00,,
176,-37.839331,144.942019,2020-04-11 12:43,-136168,521963,2020-04-11 12:00,,
176,-37.783753,144.951833,2020-04-11 13:41,-136106,521845,2020-04-11 13:00,,
177,-37.783753,144.951833,2020-04-11 12:02,-136106,521845,2020-04-11 12:00,,
178,-37.830296,144.973453,2020-04-11 7:29,-136050,521592,2020-04-11 7:00,,
178,-37.791539,144.886764,2020-04-11 7:58,-136132,521925,2020-04-11 7:00,,
178,-37.783753,144.951833,2020-04-11 8:27,-136075,521858,2020-04-11 8:00,,
178,-37.816634,144.993007,2020-04-11 8:56,-136647,522189,2020-04-11 8:00,,
178,-37.920419,145.123584,2020-04-11 9:26,-136222,521791,2020-04-11 9:00,,
178,-37.870704,144.983914,2020-04-11 9:55,-136324,521916,2020-04-11 9:00,,
178,-37.842836,144.961897,2020-04-11 10:24,-136324,521916,2020-04-11 10:00,,
178,-37.829811,144.973556,2020-04-11 10:53,-136222,521791,2020-04-11 10:00,,
178,-37.823695,144.906504,2020-04-11 11:22,-136140,521974,2020-04-11 11:00,,
179,-37.824406,144.989831,2020-04-11 8:37,-136190,521904,2020-04-11 8:00,,
179,-37.803018,144.971759,2020-04-11 10:14,-136050,521592,2020-04-11 10:00,,
179,-37.83546,145.004261,2020-04-11 11:52,-136075,521858,2020-04-11 11:00,,
179,-37.807062,144.957074,2020-04-11 13:29,-136235,521862,2020-04-11 13:00,,
179,-37.838711,144.94188,2020-04-11 15:06,-136188,521904,2020-04-11 15:00,,
179,-37.829811,144.973556,2020-04-11 16:44,-136208,522015,2020-04-11 16:00,,
180,-37.839331,144.942019,2020-04-11 9:10,-136230,521782,2020-04-11 9:00,,
181,-37.841619,144.939541,2020-04-11 9:19,-136166,521663,2020-04-11 9:00,,
181,-37.807062,144.957074,2020-04-11 11:38,-136118,521773,2020-04-11 11:00,,
181,-37.793484,144.898659,2020-04-11 13:57,-136230,521782,2020-04-11 13:00,,
181,-37.838711,144.94188,2020-04-11 16:16,-136050,521592,2020-04-11 16:00,,
182,-37.814413,144.979425,2020-04-11 8:55,-136225,521772,2020-04-11 8:00,,
182,-37.840041,144.936677,2020-04-11 10:50,-136166,521663,2020-04-11 10:00,,
182,-37.920419,145.123584,2020-04-11 12:46,-136091,521898,2020-04-11 12:00,,
182,-37.829811,144.973556,2020-04-11 14:41,-136222,521791,2020-04-11 14:00,,
182,-37.885982,145.082342,2020-04-11 16:37,-136222,521791,2020-04-11 16:00,,
182,-37.783753,144.951833,2020-04-11 18:32,-136168,521963,2020-04-11 18:00,,
183,-37.840885,144.926946,2020-04-11 7:57,-136225,521772,2020-04-11 7:00,,
183,-37.920419,145.123584,2020-04-11 8:54,-136132,521925,2020-04-11 8:00,,
183,-37.957262,145.052534,2020-04-11 9:51,-136057,521635,2020-04-11 9:00,,
183,-37.811778,144.98404,2020-04-11 10:49,-136022,521826,2020-04-11 10:00,,
183,-37.791539,144.886764,2020-04-11 11:46,-136190,521904,2020-04-11 11:00,,
183,-37.829811,144.973556,2020-04-11 12:43,-136140,521974,2020-04-11 12:00,,
183,-37.810351,144.93698,2020-04-11 13:41,-136157,521872,2020-04-11 13:00,,
183,-37.870704,144.983914,2020-04-11 14:38,-136091,521898,2020-04-11 14:00,,
184,-37.824406,144.989831,2020-04-11 11:32,-136123,521942,2020-04-11 11:00,,
184,-37.839331,144.942019,2020-04-11 16:05,-136166,521663,2020-04-11 16:00,,
185,-37.870704,144.983914,2020-04-11 8:17,-136647,522189,2020-04-11 8:00,,
185,-37.838711,144.94188,2020-04-11 9:35,-136190,521904,2020-04-11 9:00,,
186,-37.830296,144.973453,2020-04-11 18:19,-136168,521963,2020-04-11 18:00,,
187,-37.783753,144.951833,2020-04-11 8:12,-136220,521790,2020-04-11 8:00,,
187,-37.852894,144.87908,2020-04-11 9:25,-136647,522189,2020-04-11 9:00,,
188,-37.803018,144.971759,2020-04-11 7:15,-136168,521963,2020-04-11 7:00,,
188,-37.839331,144.942019,2020-04-11 7:30,-136157,521872,2020-04-11 7:00,,
188,-37.811778,144.98404,2020-04-11 7:46,-136091,521898,2020-04-11 7:00,,
188,-37.831744,144.9558,2020-04-11 8:01,-136324,521916,2020-04-11 8:00,,
188,-37.840041,144.936677,2020-04-11 8:17,-136132,521925,2020-04-11 8:00,,
188,-37.783753,144.951833,2020-04-11 8:32,-136022,521826,2020-04-11 8:00,,
189,-37.783753,144.951833,2020-04-11 9:23,-136647,522189,2020-04-11 9:00,,
189,-37.814413,144.979425,2020-04-11 11:47,-136220,521790,2020-04-11 11:00,,
189,-37.791539,144.886764,2020-04-11 14:10,-136514,522444,2020-04-11 14:00,,
189,-37.831744,144.9558,2020-04-11 16:34,-136230,521782,2020-04-11 16:00,,
189,-37.823695,144.906504,2020-04-11 18:57,-136057,521635,2020-04-11 18:00,,
190,-37.870704,144.983914,2020-04-11 8:17,-136390,522296,2020-04-11 8:00,,
190,-37.821132,144.964615,2020-04-11 9:34,-136271,521564,2020-04-11 9:00,,
190,-37.83546,145.004261,2020-04-11 10:52,-136235,521862,2020-04-11 10:00,,
190,-37.823695,144.906504,2020-04-11 12:09,-136324,521916,2020-04-11 12:00,,
190,-37.839331,144.942019,2020-04-11 13:27,-136188,521904,2020-04-11 13:00,,
190,-37.803018,144.971759,2020-04-11 14:44,-136390,522296,2020-04-11 14:00,,
190,-37.793484,144.898659,2020-04-11 16:01,-136335,521942,2020-04-11 16:00,,
191,-37.791539,144.886764,2020-04-11 7:25,-136057,521635,2020-04-11 7:00,,
191,-37.920419,145.123584,2020-04-11 7:51,-136106,521845,2020-04-11 7:00,,
191,-37.840885,144.926946,2020-04-11 8:16,-136091,521898,2020-04-11 8:00,,
191,-37.798343,144.960716,2020-04-11 8:42,-136157,521872,2020-04-11 8:00,,
191,-37.846138,144.991808,2020-04-11 9:08,-136140,521974,2020-04-11 9:00,,
191,-37.823695,144.906504,2020-04-11 9:33,-136123,521942,2020-04-11 9:00,,
192,-37.870704,144.983914,2020-04-11 8:18,-136222,521791,2020-04-11 8:00,,
192,-37.793484,144.898659,2020-04-11 9:37,-136157,521872,2020-04-11 9:00,,
192,-37.852894,144.87908,2020-04-11 10:55,-136195,521840,2020-04-11 10:00,,
192,-37.841619,144.939541,2020-04-11 12:14,-136022,521826,2020-04-11 12:00,,
192,-37.811778,144.98404,2020-04-11 13:33,-136335,521942,2020-04-11 13:00,,
193,-37.885982,145.082342,2020-04-11 7:57,-136050,521592,2020-04-11 7:00,,
193,-37.783753,144.951833,2020-04-11 8:55,-136075,521858,2020-04-11 8:00,,
193,-37.83546,145.004261,2020-04-11 9:52,-136022,521826,2020-04-11 9:00,,
194,-37.814413,144.979425,2020-04-11 7:26,-136220,521790,2020-04-11 7:00,,
195,-37.823695,144.906504,2020-04-11 10:11,-136022,521826,2020-04-11 10:00,,
195,-37.841619,144.939541,2020-04-11 13:22,-136050,521592,2020-04-11 13:00,,
196,-37.840041,144.936677,2020-04-11 8:08,-136075,521858,2020-04-11 8:00,,
196,-37.803018,144.971759,2020-04-11 9:17,-136222,521791,2020-04-11 9:00,,
196,-37.83546,145.004261,2020-04-11 10:26,-136168,521963,2020-04-11 10:00,,
196,-37.841619,144.939541,2020-04-11 11:35,-136247,521970,2020-04-11 11:00,,
196,-37.829811,144.973556,2020-04-11 12:44,-136208,522015,2020-04-11 12:00,,
196,-37.838711,144.94188,2020-04-11 13:53,-136166,521663,2020-04-11 13:00,,
196,-37.791539,144.886764,2020-04-11 15:02,-136208,522015,2020-04-11 15:00,,
196,-37.840041,144.936677,2020-04-11 16:11,-136140,521974,2020-04-11 16:00,,
196,-37.831744,144.9558,2020-04-11 17:20,-136220,521790,2020-04-11 17:00,,
196,-37.885982,145.082342,2020-04-11 18:29,-136123,521942,2020-04-11 18:00,,
197,-37.870704,144.983914,2020-04-11 7:40,-136057,521635,2020-04-11 7:00,,
197,-37.816634,144.993007,2020-04-11 8:20,-136057,521635,2020-04-11 8:00,,
197,-37.840041,144.936677,2020-04-11 9:01,-136324,521916,2020-04-11 9:00,,
197,-37.798343,144.960716,2020-04-11 9:41,-136157,521872,2020-04-11 9:00,,
197,-37.823695,144.906504,2020-04-11 10:22,-136647,522189,2020-04-11 10:00,,
197,-37.791539,144.886764,2020-04-11 11:02,-136271,521564,2020-04-11 11:00,,
197,-37.810351,144.93698,2020-04-11 11:42,-136235,521862,2020-04-11 11:00,,
197,-37.798343,144.960716,2020-04-11 12:23,-136157,521872,2020-04-11 12:00,,
198,-37.920419,145.123584,2020-04-11 8:40,-136106,521845,2020-04-11 8:00,,
198,-37.867555,144.976864,2020-04-11 10:21,-136132,521925,2020-04-11 10:00,,
198,-37.823695,144.906504,2020-04-11 12:02,-136208,522015,2020-04-11 12:00,,
198,-37.885982,145.082342,2020-04-11 13:42,-136195,521840,2020-04-11 13:00,,
198,-37.783753,144.951833,2020-04-11 15:23,-136022,521826,2020-04-11 15:00,,
199,-37.841619,144.939541,2020-04-11 8:09,-136132,521925,2020-04-11 8:00,,
199,-37.791539,144.886764,2020-04-11 9:19,-136050,521592,2020-04-11 9:00,,
199,-37.920419,145.123584,2020-04-11 10:28,-136235,521862,2020-04-11 10:00,,
199,-37.83546,145.004261,2020-04-11 11:38,-136335,521942,2020-04-11 11:00,,
199,-37.840885,144.926946,2020-04-11 12:48,-136132,521925,2020-04-11 12:00,,
199,-37.842836,144.961897,2020-04-11 13:57,-136324,521916,2020-04-11 13:00,,
199,-37.829811,144.973556,2020-04-11 15:07,-136222,521791,2020-04-11 15:00,,
199,-37.814413,144.979425,2020-04-11 16:17,-136228,521737,2020-04-11 16:00,,
199,-37.957262,145.052534,2020-04-11 17:26,-136157,521872,2020-04-11 17:00,,
199,-37.920419,145.123584,2020-04-11 18:36,-136132,521925,2020-04-11 18:00,,
200,-37.885982,145.082342,2020-04-11 8:53,-136390,522296,2020-04-11 8:00,,
200,-37.870704,144.983914,2020-04-11 10:46,-136091,521898,2020-04-11 10:00,,
200,-37.814413,144.979425,2020-04-11 12:39,-136057,521635,2020-04-11 12:00,,
200,-37.803018,144.971759,2020-04-11 14:32,-136228,521737,2020-04-11 14:00,,
201,-37.814413,144.979425,2020-04-11 8:30,-136022,521826,2020-04-11 8:00,,
201,-37.810351,144.93698,2020-04-11 10:01,-136230,521782,2020-04-11 10:00,,
201,-37.838711,144.94188,2020-04-11 11:32,-136022,521826,2020-04-11 11:00,,
201,-37.957262,145.052534,2020-04-11 13:03,-136390,522296,2020-04-11 13:00,,
201,-37.829811,144.973556,2020-04-11 14:33,-136514,522444,2020-04-11 14:00,,
202,-37.798343,144.960716,2020-04-11 7:47,-136228,521737,2020-04-11 7:00,,
202,-37.807062,144.957074,2020-04-11 8:34,-136228,521737,2020-04-11 8:00,,
203,-37.920419,145.123584,2020-04-11 8:08,-136235,521862,2020-04-11 8:00,,
203,-37.829811,144.973556,2020-04-11 9:16,-136123,521942,2020-04-11 9:00,,
203,-37.846138,144.991808,2020-04-11 10:24,-136188,521904,2020-04-11 10:00,,
203,-37.824406,144.989831,2020-04-11 11:33,-136091,521898,2020-04-11 11:00,,
203,-37.810351,144.93698,2020-04-11 12:41,-136225,521772,2020-04-11 12:00,,
203,-37.791539,144.886764,2020-04-11 13:49,-136106,521845,2020-04-11 13:00,,
203,-37.83546,145.004261,2020-04-11 14:58,-136230,521782,2020-04-11 14:00,,
204,-37.840885,144.926946,2020-04-11 7:50,-136106,521845,2020-04-11 7:00,,
204,-37.870704,144.983914,2020-04-11 8:41,-136222,521791,2020-04-11 8:00,,
204,-37.793484,144.898659,2020-04-11 9:32,-136075,521858,2020-04-11 9:00,,
204,-37.791539,144.886764,2020-04-11 10:23,-136324,521916,2020-04-11 10:00,,
204,-37.840041,144.936677,2020-04-11 11:14,-136195,521840,2020-04-11 11:00,,x
