Person,PersonGUID,OutingFrequency
1,AFA146FA-9249-8B37-8A30-F4255BC945C2,5
2,466FD1EA-4398-9C81-3B74-C932964A754F,2
3,11362896-9470-583B-3DAB-FA1D6E1B228B,2
4,840654B5-42A9-32F3-510A-C26855CC6BA0,6
5,E6539BCE-1A72-513B-8516-0764D8A9026A,5
6,E538D7AD-258C-3D95-3B9C-91A1140F1101,4
7,4B3C6458-21B3-1CBA-3FA7-BFD8EFAF12BD,2
8,D87D1014-74A5-0BB1-2752-BFBD12EB9145,3
9,DB802126-3ED1-A406-843F-80739DD942FD,2
10,E9819A07-5772-7CB8-8114-A1A787EC809F,6
11,D2C7EC19-95CD-2339-6B89-CC5224C7A0D4,7
12,112FF4C1-2FF7-672E-618A-822CE0210EA9,1
13,96AF08E1-19C7-6DA6-5DC3-CC1747C447B9,7
14,54C7BC0E-A777-43A2-08BE-355E8FF13D9B,1
15,920BDE6B-1E30-59D9-855E-7F7512043734,2
16,20422E1A-2173-1776-463C-E30863F05CD5,3
17,49637ED7-4481-9BDE-A2E4-CC3C0C6B2513,7
18,776A4ADC-4D01-795C-8EB2-C7FBBBDC873F,6
19,A33B70B8-85AD-050E-420F-EFFBCC361D32,2
20,BCBEF9B7-6049-4D59-7F78-B84DDD5B30E5,7
21,8EF3576D-7D85-3D62-0D32-A776E4ED25F3,7
22,AFCEB25B-6134-4E18-5F48-6EB4456F1836,3
23,E0B07BC8-203B-277B-1FAA-7622F81E95D9,7
24,9DACB8E6-3AD2-59B0-31A9-821FEEDE976E,6
25,E256D61A-84F2-63BB-93D9-84EF0E9B628E,1
26,9333B865-5CDA-A6DD-443E-354E049CA6FE,6
27,29864E88-3D29-4410-041D-D31C6C9E02C8,1
28,EB88B3FE-9A7D-9956-8FD7-C4DE0EA35D37,6
29,67CB7D8B-20EE-321A-38F3-EE2AF95EA1CA,7
30,4F898294-1EB4-7CEB-7011-25A8226C9DDC,6
31,972E96D7-6314-02C5-4D8D-D1F3E7A12032,1
32,B6AABDE6-71B5-6AF1-5BDA-E1328C826DE0,5
33,554A3E5B-4BBF-91BD-67AA-4ECBC2B8A15A,3
34,9B525CEE-9E62-5E27-4AA0-EC83ED480CB0,6
35,2B4B0CFB-3E5B-1D52-65B1-9D2E4A606320,4
36,38BCD415-7EEB-32AD-7790-EB2144B56CB4,1
37,DDA4F16A-2E61-83D4-870B-8CE80CF01DD3,6
38,A6038E61-810F-428E-27A7-3F067C5152A0,4
39,F9E17CF1-1AF6-3D60-9441-9F124CB99242,3
40,12B7CC07-1DEE-1E5F-9E5E-913C12979BCC,2
41,82F5EB05-65AE-0C29-2528-E10CB5474129,3
42,F37E5AF9-9A58-0DB1-931B-A70E6A377192,3
43,6A4E4C79-4093-3B60-929B-2087B4DF2FBA,5
44,4A600EC2-0B47-3262-54D5-57BF0CC39001,7
45,2F8D12DF-9816-12DE-2F81-623193130169,4
46,7DF02419-39D9-2087-295C-7BF9F4208511,7
47,E22100C6-34B4-94B0-3077-545FACEE0AC6,2
48,9856D2A9-9A8A-1CDE-A0AF-B0CA5BF5430D,5
49,F91B71FE-7A17-0ED3-3636-48DEC5622518,1
50,1B28BC22-8483-9C97-5D1E-DA4E2C57863A,3
51,2E449BB1-8171-7513-5920-34525D1E7360,5
52,6C9B13EA-68D2-35CE-4FF0-D62F710B77F4,6
53,C1964CE1-4C48-8447-2ABC-E67C0622375E,4
54,2D460AE6-A2D8-97E8-4F59-3D862D742334,6
55,DE218B50-1D3A-71A4-878F-8B8E86CD5852,1
56,A4C1BE18-26B8-96F3-27B6-48313C373BD3,7
57,70E28D28-81A0-178A-70E4-8AAF0B5F87EC,1
58,B8A42095-6A48-2A05-4AE8-D64AC9808BFB,5
59,0E821322-8DCB-7ECE-2866-00729F0F5CB9,7
60,0EBC2C1A-011E-9559-14B9-D57DD1679088,5
61,FD360616-70EF-2D32-7778-B221E9905CD7,2
62,E20CF00F-6B83-495E-439D-336C0B4F8EC7,4
63,19F99214-A1DD-84F1-1854-16854BD636BC,2
64,DDA30002-7DB9-52D5-109D-7EF869D77A69,3
65,4415CEE5-15E0-A09D-2C1F-9D288EB062FD,5
66,432FEC27-4D2D-295B-876D-BC6858713838,7
67,158BDC77-6CBF-7816-178E-3F5CBB1D1580,5
68,2B9F0653-780E-8706-A647-1960DD0C79BD,7
69,067D5462-A40B-6E0B-3121-DAD235A8386A,7
70,0F27EFDC-9E9A-0663-1343-9423AF888253,2
71,C6D7994F-6A33-02D6-65EE-FFC3B44973E1,4
72,7FCCEA08-0C22-48D6-0798-324D8D9E43EB,4
73,C35F6B76-5EDA-107F-2505-888B09640617,7
74,AD3DB91F-67C0-7AFB-717D-2D8B01572683,1
75,FA9E8782-7C27-8CBC-67D0-0A3EA94C608A,2
76,61D78790-31D4-1FC3-7833-3B69BE253DC0,5
77,4FB60069-2CF3-013F-1EB7-8954F3789383,5
78,B497BA19-A1CA-6E19-375C-C8D21A137F53,1
79,154E8AED-9143-60A9-A3A6-C853068050FF,7
80,2E17B907-35CA-8B4D-8FED-5AF55FD43C63,3
81,73404449-2B7A-796D-A6C8-E31F289D85EC,6
82,F2EA437E-3407-246C-1A5B-2FE5B24A7370,3
83,E315F91C-4A67-8282-6BE2-DABBD138922E,1
84,BE697681-78DF-3663-51AC-4FE67FE34E25,5
85,69D260FC-70A4-8090-9081-FBF2ABDE9D2A,5
86,51312F11-52D9-89D4-62CB-1179F4C111C5,4
87,83C28FF2-49BB-A5A2-27E8-863B85E09F33,1
88,A2F54C2F-A67B-671E-3739-B2B729101033,2
89,D14E0473-76B6-6FBA-994D-ED635DEB0E4F,7
90,2F01C62C-9CE0-1008-589F-AC9287616688,1
91,D0BCE1E8-38EF-3018-9202-62F91A9FA079,5
92,D727B173-2DC6-9D39-A75C-D04578723C1F,4
93,A882C983-6906-1069-28C4-7F9C2BB35692,3
94,9CED7A88-6F1A-015A-96DE-2CD0C7AE5C42,3
95,91122184-0D80-9F9E-06A3-B24DC8E3554A,2
96,0229F26D-5349-4447-5907-BF3111F11E55,2
97,603DE8D4-3B08-7B07-42B2-551873651233,5
98,C884F55F-5118-40A2-2893-68005CE99797,7
99,0FDA59E8-5D90-3760-1A35-1334A09436D9,4
100,6EE14A73-028D-4B26-211F-F54EE2EA614E,7
101,8CD16C3F-5F9C-06AC-83EC-C09DEF152DC4,4
102,3885EB42-3DCD-74E4-7C94-CF0512C5107B,6
103,ACA4E25F-0560-7C94-4969-0BD825F7A02C,3
104,046F4428-487C-7C5D-A491-E322ABB93D19,1
105,4B5C98B4-627D-8885-0FFA-4D5CD8992979,6
106,E10C6EEE-643A-44AA-1BD6-07C3963075B6,3
107,80686E59-8A68-3CAA-528E-D6AA9E10752D,5
108,C8A0D066-4A9E-1766-0653-AC75498C7D78,7
109,7700BE18-6DC5-8F5B-7151-971BA58C65E7,1
110,3A9D7EF4-4DA6-4027-2C30-0BBF52084D53,4
111,C795894D-991F-1C78-5146-DBA3DAD201CF,3
112,8F0C7B33-422C-6952-7699-6CC2DAAD336A,1
113,E473BC1D-5A9A-3B2A-2C14-61D54E066253,3
114,E9383BAE-39CE-0ED5-0CA1-368618E49C5E,5
115,4DC77818-4415-656E-3C38-9426F3C1278A,5
116,DE24B3B7-8C96-4DD9-73EA-53E90C4C9C35,5
117,677BC945-533E-6681-2D7F-2E729683818E,1
118,BB3227CF-3DD2-4371-168B-661568DD7335,3
119,7BA77472-0862-3BF8-99FF-0212D30EA4DC,6
120,C262E891-9E1B-3E3B-6A04-92D87F3F6B95,1
121,D945A09B-211D-3181-532A-F155C82D20C8,7
122,5510731D-55C8-769E-45F5-76F2A6D74DC7,1
123,84F25EDB-A0A4-2E74-7B4A-CFE11EB72490,1
124,901FDED4-67D8-0CFD-930F-B19ADBFE0FA7,1
125,A754ADF4-05F6-500E-1942-8CFE8414381F,1
126,FFD0FAAD-684C-3694-8D55-A81177F75C87,2
127,1E9CC6E7-0352-3858-9C5B-F0DA0974A742,4
128,04C89390-4687-0DA2-4F08-4FEB01A5368A,4
129,A86D99FC-2892-0082-2C6A-061814EC6361,2
130,601214FE-753A-5766-5097-B954E05672BF,6
131,216D9E1B-60E3-1E44-3D09-A865099E02DE,1
132,41A5EB31-148D-3555-08E4-BE7208229BCA,2
133,4D124A58-974E-55DC-2D4D-CD6479E3911B,1
134,2139BB50-4432-7AA5-6C02-07D7E62B6FEF,7
135,DBF189AC-274F-3EDB-6678-E1A1C086218F,5
136,3553EAD6-77A5-9A7B-2E9B-01B110660455,6
137,7F4CA353-3460-A228-7811-C8D1934F1EDC,1
138,C1A5808D-7B6F-6468-1701-61E110253ECF,1
139,3AFB4A9C-8C32-8E7A-1986-C531AE1E9479,6
140,F6EF976B-01B8-5F75-6065-3EDE58B7A2C3,7
141,6616AC3C-39C7-8552-6D01-AB9A25D62DD5,1
142,504B804D-4F63-8F91-154A-7038EE96669E,2
143,DD9834EA-0137-8105-1410-3F8DCF4583E7,5
144,71C4AC4E-4239-2AF6-0C82-FD2BAC7905F3,7
145,0ACD9B30-2747-57E7-6EEC-9DDEE7CF5883,1
146,358D7CA3-0075-5F5F-8AA2-BE5B492822F1,3
147,5734B0E4-1108-2938-50E7-7CCFE7234EEF,5
148,C3DC572A-2C0D-252A-3DEA-3DE7857E1FAA,7
149,7532989F-63AC-8D37-749E-7833405855B7,6
150,CCB8F043-65A0-636D-44B3-7C29053568D4,3
151,692D9C54-1855-A449-8B26-2E91C1D74C62,4
152,5A773C14-44D0-93B8-587D-97F8DCBB37E7,2
153,71A6889B-9A85-4011-2984-BC92CBB0607A,5
154,2155EF15-3265-4292-97A8-C5BF27FD5D0A,6
155,350E7AE2-6577-58A4-7C35-FC456BEE69D1,5
156,D888D4BB-8A68-277B-9D41-DBCA9C391B9E,5
157,73CE7E73-629F-62F0-1218-F261AA65571B,1
158,CEB54DA0-638D-0615-42C6-65F9555E4B0E,7
159,88DD33AC-9D8D-119C-4448-B51D924B7617,1
160,9C626D62-1952-1E75-38DE-833877AB95DE,2
161,EC9C5ABB-49C4-7FDC-9D9D-646E8AB91A9A,5
162,961EC6D8-2997-A168-1025-E216DCE99E23,1
163,4231A00C-7B99-4FF9-6E02-AE0A8A429652,2
164,901CE780-86BA-31E3-8B47-730A2E0832E4,4
165,DF117883-47EA-9AAC-9ABA-121346F29133,7
166,57A62CDD-9DE8-5476-6A94-5A51657A65C0,4
167,D5916080-9FAD-44A3-1AA6-F93365DA17E7,2
168,8BD399C6-9D06-9A2B-0ED4-D95C20C84D0E,2
169,16B2FBF1-732D-270D-04C4-25F43FF909F3,7
170,DCCCA84F-37EC-3492-7A2D-53FA67EC60EE,6
171,08BD5650-17D5-5FEA-1216-A7F082835F6B,7
172,15E63012-69DC-9522-1896-01BFE2930540,6
173,9716085A-7A70-1F80-3C6E-BA5253AB549A,5
174,4F9671A9-7662-3F68-7D03-A1DA3777A7A1,2
175,E8A3C759-697D-3074-2CEA-6032252FA453,2
176,67E2498B-087D-0FC5-0C2C-84D868F529B1,2
177,25057AFB-3C8A-A0F6-1DF7-EE85BB1E03D4,6
178,B6100EC1-9D1B-77F6-7E0D-9ECD452C8344,4
179,99546387-90CE-57D2-4C7A-0810897C1927,4
180,590B910D-8E88-322F-1C52-0A1FD95C3ACD,2
181,3A395D3C-940B-86AA-9E99-19D82C97434F,3
182,5D226862-A025-31AF-8485-6D94A8E4409E,3
183,24968AA3-7DDD-67E4-98D2-02BEC4A9A095,2
184,70B3898E-7EEE-967A-78AF-5451E536964A,3
185,16BC3F7B-17EF-5E0E-469A-0416C3C04FBF,7
186,1527823D-99E0-1EE3-3BB9-9FCDFE1F1675,1
187,B1FCAB78-1E5B-374C-A178-8CE9AF962482,1
188,13DA0671-1697-6B47-9186-F27708B487DB,7
189,C1D30E4C-6050-324F-7F0C-03C24A9E7F81,3
190,811D67C8-3ADA-07CC-8C5B-DF25C3D318A1,3
191,913E1F02-958D-481D-A1F6-40E70C8E7914,5
192,39376882-4B8D-A1A4-52CA-5E66534F9726,4
193,B5961B6B-6489-8B1C-934B-DE2367BA6F70,6
194,32A82153-3923-12B1-5512-A27E681226A4,7
195,13CA2C3B-A650-791D-9E12-BFCD948B390C,4
196,83C52B00-0083-9294-847D-4B7E65550AA9,5
197,F6EEF7C1-6D75-91B0-6F3C-A0E361660951,7
198,3B8741B0-4BC7-26BE-076A-6D2038B95AB8,6
199,34776C3D-0F37-15CF-0C3C-A24DFBE3677C,7
200,E4F14118-5D92-497E-794A-C1C2FE819166,2
201,87AADDAA-6B1B-1A76-31A5-5E43EBA728D1,2
202,A67F541F-1DE6-3FBC-9E8F-4C8D7DDB1CC2,3
203,4CAF4A6A-5090-303D-9369-4EF4425F6EEB,4
204,C8F8D630-6922-21DC-0AC3-15C9F7859D0D,6
205,3CAA15DB-0AEB-63D3-4A1C-D6836DB57C08,6
206,06854D4E-5C45-6CE6-855D-E8A43BD87102,7
207,DBDBCA1C-4D3E-98E8-5FF3-0B2CBC6B17E7,4
208,82E2D834-8D61-5588-60A1-D22174A1973F,5
209,281F5BCF-5DA4-18A4-9359-D0DAB11B5990,4
210,098E0543-5D33-973F-0121-09CA62D05A9B,2
211,ED068923-A5FC-0712-22D7-9B336A0D08BB,2
212,8D9E5F26-5386-9F4A-5E47-8C6722C13FC6,5
213,1BA1EA31-772A-26D6-A5DC-1E9096F14ED9,6
214,A7A072C2-7C87-5C6D-301C-2E6CD1B9509C,6
215,52E606A1-8D35-296E-18CF-CC283CF926C0,3
216,4199FBFB-39F6-A49F-44CF-FF7E040E455A,1
217,A6D46EE9-7B0F-5884-8558-C6B1A51942DA,7
218,B074EB0A-5279-9E5B-82F6-0F37A6B27752,6
219,11A4D5E1-6230-0656-7A5E-57AE5BCB2413,7
220,B5EFE432-238C-2683-3C60-A3A4A3EF6FDA,2
221,96C6D735-4319-2B95-4764-E433F869A354,3
222,F7D1D9AE-5905-92F2-8ABD-3538CA292A6D,2
223,C969B0CC-A563-473E-A397-B9DB36CB96F2,3
224,3BDECB28-8F24-51FD-991E-8FA75B45A7C1,1
225,F3D3960D-A69B-3F77-5326-C0C1FF0F89BC,7
226,C6040A20-32BF-49E2-1096-04A008118882,3
227,40820A12-4E67-7C57-7A5E-5E52840266FD,6
228,E97F9088-01CB-8E77-2E2B-BCCDDC41508F,1
229,0182B056-2A08-088E-6BA0-1B2B2CF8503F,7
230,8A622DC4-9866-0E5B-9F11-B327510B7DB2,4
231,312EDF58-5A5F-5ED5-9B11-BF93E0EA1533,2
232,B59E2725-8059-9963-7AEF-715CD0F22F79,7
233,82AC90DE-319E-92C2-7D5F-C25AA3CE84AB,7
234,3C4CD5E7-9796-6020-7E12-9F049272002D,2
235,B18D2F90-35D8-8A16-3CD5-C37DC8A45192,5
236,962AD299-4512-705A-73B6-4730424B101A,2
237,7A7F48C3-8111-7D66-8DF0-4E1845784336,4
238,F059BBBB-60D4-59A9-34C2-9930002F7CA4,7
239,3D93A76A-02A2-97F3-0295-8D89537634EC,3
240,05E8D8B4-0DAA-A0CF-1A8C-2421DFA6336F,4
241,D683E4BF-3247-7C22-59E0-5E9C166258DD,6
242,4B357431-3923-8E4D-6EF6-6776DA9013EC,6
243,E0600FAC-85C3-42AF-5C0E-3E0665352082,7
244,BD401F33-34AA-7EDD-1EE4-A426EB427083,4
245,17545C18-23CF-2DD7-434C-74D1559426B5,7
246,B7A2C9D6-1E25-2E16-5F09-232F3920237C,6
247,DE348EBA-A5A3-4F65-533C-7BEA1DBF5B59,1
248,EFA6865B-002F-4C24-2C44-03CB12581947,6
249,18D77B63-57CD-6C61-100C-C68B8A6A0658,4
250,FB0D6A2B-A514-2B12-50B6-4A46CA0B17ED,5
251,95039D36-7121-033A-641E-C7677E266CFB,1
252,D4A83309-952C-1FDF-9B0B-4F588B0B6E90,3
253,A436CC4E-89EF-3EB0-A2C5-A5E40A41386D,5
254,8484F5FC-8B70-4B43-9C11-55E67FCF32C2,7
255,1FD853EF-84EE-3BDE-5D3D-E8A3DC8B3D63,5
256,EFE4995D-661E-99C6-A5D6-34DA68C13D81,7
257,7848BDAB-A2D0-7EA1-01CF-AFD5CA920B7E,6
258,E6236C43-9C56-52E2-8F99-3B3E46EE5633,3
259,9BF729E3-6D9E-073A-47CA-2B82D6E181CA,5
260,1B960570-3BF4-A51E-7477-E44480547F82,1
261,E5399E4E-4EB4-4B9E-6900-BC6A6336408D,2
262,C7139F01-14B4-7CCC-6C92-6B6756028A43,1
263,A40F4816-A599-4086-0E79-3AE1C56B8396,4
264,83565989-71CD-2945-905A-0DABFB346042,5
265,AFA8DF50-0897-1D3A-7649-9D4804AD54FE,5
266,490D3E55-50EC-1903-7C28-0CA1F3EE5128,1
267,060D21D5-A03A-568B-407C-19864D8A3FE4,6
268,57296737-05D3-3371-5AFD-73D8E3858D97,2
269,BA50F9BF-A475-5510-5877-2778B833215B,1
270,12A93689-97DE-618D-37A1-91067713A037,5
271,6FD901B7-764D-4210-8CF2-C35A9C04708A,2
272,E692BD07-22C8-7CA9-9B4E-5E23285C40F9,6
273,71070C31-A75B-56C7-3027-5DA0DD2F3A60,1
274,EF62987E-6595-916B-22FE-0F286A7D4F91,5
275,C9E88086-67CA-1816-6677-956D76FC2770,2
276,14B02F03-8B8D-7FD5-79AD-D4F7AABB45A3,3
277,3BBB3795-95D1-482D-6A80-5E77D29B2D5F,6
278,27611473-4729-192C-8FB9-BC8B7196393B,1
279,9DC907AB-0626-7250-788A-06E23A228BF6,1
280,315A0FCA-0CD1-7CAE-4B77-AF6B81CB7861,2
281,27DDDB5F-5180-476C-8267-420279A05BC8,4
282,E2917333-8870-3A45-6F54-30D2C55001AD,5
283,93466964-1E68-13A8-1C7C-669E6F034703,5
284,5A6277AF-2771-6D21-53B0-C86440D39A07,3
285,3816749D-428F-039A-24DF-F3ACADCE8B86,1
286,44126FF1-2CC5-60EF-0BB7-A2BFEC0E5EB3,4
287,AF3BDC62-877A-0888-3A3E-7F4779AD8DCB,1
288,17AFE541-814F-10C6-8B34-78D12F5B8BF3,5
289,BECC6BB8-1D9F-5037-145B-853CB2830261,2
290,B7991DEA-8B08-A624-2BA0-292D771442BD,5
291,0BC0D192-1225-50CF-25C8-A74107B051C8,5
292,5838DE7B-34EB-4432-0816-BFF9FD448B00,5
293,32C66943-27BB-3D2C-66ED-106F634366B0,5
294,986E292C-A19D-9A13-24AF-2BAE578A48EB,5
295,174E3CA5-1F56-6B4F-5BF1-A127F0796A14,4
296,2E41A43F-827C-9AFE-7867-A5B9F34361E6,1
297,68385E54-0ADE-05F1-4494-B60689858F64,5
298,3812C2BB-8A76-82F4-9930-796EB96106FA,1
299,9694BF08-0EA3-6284-9E8D-08CDB3551363,3
300,5C277EF7-92D0-3DDA-5C4E-A1E072031064,5
301,296D56E6-9ACF-8753-2D80-5B9DC0FC7FA4,3
302,EC40AA95-35AA-3BB4-49D6-18E5EBA3739C,6
303,3FFE2B7F-9732-1C50-9F13-589709D6681B,7
304,6DE58B7D-519F-6BF0-3E5A-DA73ACE50BE5,4
305,C3DEA243-3466-6110-660B-3E306DF06426,6
306,49F1E02C-8AFF-55F6-0198-21037E6D368C,6
307,8A7C4E69-784A-84A9-74AF-BAA64614197B,6
308,F316723E-0EDA-8335-1685-744365C5847B,6
309,AA459B11-0FA1-5814-9C9B-8E4065819C09,1
310,E7DAD36B-7EAA-9ECB-334B-6C32CF8B3372,5
311,70279FCF-453E-2F0D-9D48-FF73952824FD,2
312,A535D8D6-115B-7C15-9F33-0A4145DE5C1D,7
313,FAD32045-7504-0E99-9FFC-A933B66A0454,3
314,9A9BFEEA-916F-59AC-745A-18E0E46F6E37,1
315,93371E51-6907-30DD-308A-30F9DB883C90,5
316,CFEC3C41-A6BA-840F-85A7-92C5527B90D8,2
317,71EB8396-92F2-25FC-427A-7829C9463CCF,2
318,2AFFB72A-57F6-854D-00F6-BC243580549B,2
319,1DB4047D-6CA7-32A9-00AF-2D1C2BC68CCE,1
320,3BC4FF5D-932B-618B-A398-D111AA4157C1,5
321,183A9705-63F1-4DA8-6308-BE75E7EB9D6B,2
322,9FAD2EA4-1BBB-A2C4-73E3-07AE6AB60BBC,7
323,BCB886D0-7619-3527-3F20-8722F528A1AB,5
324,0146210D-277C-36D8-052D-1E494F4B121C,1
325,D9125924-A7B8-2857-2D8C-E10CA2F518E3,6
326,ED748CE2-572A-4775-A001-2067E56C5795,2
327,E6AD493D-4192-37C0-248B-5D764BD9480F,7
328,3354B60B-65BD-0A7E-205B-927126015F45,4
329,499531AC-0FE4-2914-8054-423E1A820556,3
330,E89422F4-2920-639F-3580-5DBACB2962A0,4
331,BD1AD285-78B1-1960-677A-E02CC2AD46C0,4
332,9FB3336D-9F9A-8579-8C56-2909F17C41C4,2
333,A38A9E71-6437-6207-4020-4D18413220A3,7
334,BAE21872-5C73-723D-0875-0614E8CB0D75,1
335,B14FCEB0-1F10-67C5-7BFF-06CBC58772B2,6
336,4CD20FB3-A426-46D4-8A91-D538235598E8,5
337,BAFC3A65-93A1-87BC-65E9-D0C9C60A4744,5
338,6D7065AE-7CCF-9BC4-5572-663DCB4D9711,6
339,D12BC8EC-9FB5-2BDD-73D4-4D78E25C693C,5
340,9316F6E3-5F45-395E-4355-AB9FF0D600F4,6
341,31C9B115-1E79-6FE3-764E-87E395AD7AFA,5
342,893A9409-8F97-A00C-589E-F07DA3F4682F,1
343,AF94CFE6-8856-4396-4B6E-6B7F94C322DC,7
344,C0673290-9DF5-4E6F-7D06-92E5F6715BB1,6
345,E2C33F8A-6C55-4B2B-79CE-D20BF22E9430,4
346,7202B343-9F72-5483-659B-EC639C560859,3
347,16101D18-3F74-6450-A2E5-2513A4F355D7,7
348,1B7418C0-05DB-535F-910A-5757E2C850EF,2
349,AC5E164E-250A-927F-771A-DA7288077D01,3
350,E9208EB8-9B6F-3A68-78FA-49DAA54A2334,4
351,AFEF5E2A-536B-7083-23A6-BA6686B78D05,5
352,BA34A58E-32FE-04C4-1C50-7B1989785CE2,6
353,D2760D7B-7D3C-0633-733E-2D57268F25C3,6
354,ACEC7A9F-1A21-9D4D-0874-6D96A2277CC4,5
355,0AFE2843-1161-021D-0B2E-7D536BE689EB,2
356,8FB0A4F6-2641-5005-6745-CA46AB843EEC,1
357,0A1856E5-2FFF-613E-0B15-517BA8754861,4
358,8801C846-4E52-A3F4-4E2C-7AD5CE2C01AE,5
359,FAEB0BE8-35D3-82FD-966C-C126B9B32257,1
360,63B2982D-1DCF-7431-295D-7313C57D4D53,2
361,B7AF7AF2-7870-9E46-08FD-89A8A1E8297E,2
362,D3C9DC7C-8D5C-0961-3B1E-147F191E8A0B,4
363,9B3D4DB6-65A4-1751-9406-39D0BB138E36,1
364,8A10FAE3-1F2B-5B3F-6091-EF46FC1539A7,6
365,741098AA-58FE-090D-92E7-7E9C299A5444,7
366,D36A6AC8-4CB2-2EF1-2591-99DAAD4E7B38,7
367,5F6FC883-3CD3-1122-375A-2706A97E61BB,6
368,C1E6C031-690F-788D-6AB2-D378D44D3740,1
369,93BA6E09-3A58-8210-12AC-EE23E64331D7,4
370,1419C752-1B88-18BC-5468-A6205E6D9FC2,6
371,CC3383BD-8157-8886-303B-EABF635301E5,6
372,E46F5CD6-8813-2DB7-025C-FBC2654F3EEE,7
373,2701E67F-2529-86FB-7F63-917BFE2A01D9,2
374,DD414986-2BC8-3AAB-A156-0AB097354FB7,6
375,DD1F1874-66B1-A275-502A-62B164898D0E,3
376,3634FA13-5DFB-56CB-981A-72DFC8446637,6
377,3BACD425-8DFC-22BF-5D1E-E93F73B40F99,1
378,2616DCE5-0594-A657-2BD2-2815511A046C,3
379,153F554C-8AED-515C-1EFA-EB2BFAEA07B4,5
380,6CA014AC-28FA-3C4D-48E1-B4E8CE439063,3
381,714E2861-4F9C-A228-1B70-7C0FB3725D7B,5
382,5930FD6F-6407-927D-06CB-2F09D4DC88A5,6
383,9C1EC323-80A8-14F3-12F1-21EE917719D3,3
384,20012AD8-574A-2FA1-643C-ADFA010B713E,7
385,9B7C3352-6A40-23AE-8E1F-D30A58308CE3,3
386,7331C0F5-26F2-24BC-3729-9E317B4E07C4,7
387,8DB992C9-357A-12B6-4883-13BE2BED6063,3
388,0DD5DBE9-518E-A190-0CF4-223D70E60E34,1
389,4615BCCB-91B6-1078-9681-7687E2D034EC,2
390,A80A0DD0-8EC5-1552-058E-85C5C8247223,4
391,2DF54465-3C00-4D05-923B-4CF789873C80,6
392,09F34F3C-7D38-4225-92ED-A3E17566603F,7
393,3D8A9013-419C-6E01-585F-091DE4661EDC,4
394,1B16CD22-43C2-41E9-83B5-2138A5A65800,3
395,36415581-7417-8D37-2E72-1A50C0B87336,2
396,91211076-20B3-6FBF-4C60-F93B992061CD,3
397,ED65DA94-56E4-7DBD-22A7-B81FB880A1BF,2
398,4551C9FE-8E99-3144-708A-401535962105,6
399,F31813E3-0EC3-A13D-9051-88DFE9FE4015,1
400,ACD185A5-1856-7617-3EC6-A66B95EA2E0D,3
401,54C6AED3-788C-716A-2B52-31380ECD85C3,7
402,56B38840-0E23-5586-6052-BB77789E4AE1,6
403,A53C16D6-5E75-A0E5-6635-349211864802,3
404,B902882A-9C00-7F0A-A115-2F95D1D381DC,5
405,BAAF6B2B-3A97-2024-4A44-E06840052C93,5
406,09F6BB35-07CF-1B70-0E60-6DCBDD4D251F,3
407,50B2DF3E-1748-9EB8-6CF5-A6B5B7BB2B9F,7
408,14422BE9-0F24-8D70-7F9A-21CDEC767863,7
409,4153F040-6456-9F8D-66BA-E1C523117F99,7
410,5EEA8294-3E1B-64CF-03F1-E735D722149F,3
411,1903553F-A64E-033E-4A40-9B6781B372B2,7
412,FCB85569-34D0-6A5C-038C-35571CCB589E,4
413,FB314272-A5AB-2267-5E85-C53145DB8CF2,2
414,5D5ABBA6-9C6E-7169-3558-90215E486AB9,6
415,8EF694B5-0630-0061-8CC0-24BE263638E1,7
416,749688A7-3C21-9CA4-9CB1-4A8E4267748C,4
417,4EDE9ECB-807C-9A6D-377B-06E652C6A340,6
418,A696C839-889F-9605-4B33-5030B6BE88AA,4
419,9FA22CAE-6638-5CC4-52A1-20F3415C94CF,5
420,36C2B7D2-A442-3D8A-146C-CEC2365E323E,2
421,42D91107-30C2-292A-3E6F-4470C724479D,6
422,3642FBFA-A57B-111D-58F6-29A05DB4A6CC,4
423,74302B9B-1F90-394B-6625-4090A2914BCE,7
424,69401F28-3F95-093B-9DD6-339A20041C39,3
425,65DAE9D4-8FBD-3B0A-959A-EA5FB02766FD,7
426,5479E05D-6CE5-3B88-8B4E-4EB515433A39,7
427,DDB57097-08FF-817A-3AA9-C1A68602246B,5
428,26D47E1B-8666-104D-9549-31B67E6B65B7,3
429,307CD627-503E-3D6E-9B6F-AC1808099565,3
430,2F69F563-5196-4A22-39B5-F02E2C8B2330,5
431,8A17B6FD-3D55-3A32-291D-3AFF44B85190,2
432,DB863934-72F9-80C5-864C-2AB6B3984942,4
433,14DD621C-4B44-2E18-246B-CA2CDE2B72E7,2
434,44275D3F-2548-8DB4-2EAC-A0DED3B33B60,6
435,166AFB23-7664-5FB4-39A8-2DCCAB9A3834,5
436,411D6197-6419-1DDE-19D4-9E72EE04595F,7
437,11F18CE8-0B1D-6339-20E7-C2C91CC92A05,1
438,D3A8FDC1-0489-9926-A6B0-BDBBE63F8D2E,5
439,22FC175B-71F0-9413-9F60-AC7C5E9FA787,7
440,7E8DDF14-0361-38C0-8C8B-33D1372436B9,2
441,354CAB86-A429-97BC-732B-8955F9FC74EB,7
442,48651015-62AB-24BA-3DE8-74684768003E,4
443,4849952C-7EDB-6CCC-8348-6BF30EC23D74,7
444,7EF3ECF1-5C4D-7F01-6ECC-B8364FA28A33,2
445,880C13ED-22C6-52A0-3615-1FC2EFD075AE,6
446,62224AA2-1759-0113-9A7F-18CCD4750161,6
447,051CFEF4-74FA-8B60-6BC0-224CBDDF574E,7
448,EB9111B4-8014-7CAF-8733-880514442973,4
449,DA4DC17F-88BF-9FBE-820C-84D552D21ECB,5
450,198CDC1D-1908-53B8-6261-911E3D5B0A8E,5
451,BF13272B-66A6-4481-0113-891CCF172697,2
452,C0774CAA-4400-90F2-030A-6B796E0F1911,2
453,9969A213-0107-1B12-9E41-9DAFCE0F3562,7
454,6061F327-2F39-0E7B-604C-408FCD772FC2,5
455,ACAC641B-93F1-8B76-A3B5-580E9DF24BCF,7
456,6CA58E56-5DC9-8BA9-A5CF-3D425BCAA655,4
457,4F2CE07A-5DCF-94E5-A0B3-296FFFD89869,5
458,889750DC-91EB-5497-4E65-5FBEF57A6AF4,5
459,0F7A99E8-2715-945C-45B3-5BF764C47F44,2
460,FCCD499C-574F-20A4-349F-356728D725E2,6
461,E1141764-01B5-55DA-4D0E-89B2BBC71831,6
462,5233CD02-0470-746D-22A5-2193175C23CC,6
463,44045302-3F3B-276B-0C2D-03CC19C5843C,3
464,293F3068-9E03-1315-760D-BDA80B622BE1,4
465,0844030F-42A9-1D35-5DED-358A3BAF80D1,4
466,D9EDD0DF-78BD-7BF2-9F7F-A9AC260354B9,4
467,9DA517C1-0655-6753-4AB5-0B10C9293F7A,1
468,549004D9-4F72-0D9A-6ABB-FA2551597714,4
469,2A6CAE08-3D29-4041-5154-CF124322847A,3
470,F7E1DF4E-45FA-1D5C-7914-928A3E477676,1
471,9292FDA5-86B3-4646-19A2-3CD7F3AF0203,4
472,9D6BB519-228E-12E7-7ADE-6E5EDCEE3BD5,1
473,52BEB1E2-4D26-1A34-8AA0-007F52C466EE,3
474,DD7BA21B-8EA0-0537-8066-6FE9CFA61BDC,1
475,9FA03629-6E0A-6B00-1A21-37D6D1E50409,3
476,4443D931-65BA-3566-35B6-43067AE479C3,2
477,E5EBF79D-7E66-539A-199A-475B7A757ABD,4
478,1FAB9A48-182B-7C79-504A-C17323FA4FF7,2
479,12675403-5E2D-69C0-5FD8-770794C400CB,7
480,A95E56FC-535B-43BA-3DD2-CB195F5541BF,2
481,10124703-55D4-99C2-870C-E1874C578D6C,6
482,84526E43-5A10-8B03-7645-45A1A89254B8,1
483,B762B5AE-9D8F-9960-0096-2E74A7B83A93,3
484,942762B9-5FB0-7549-15B3-28EAE463A45A,4
485,BB0DA613-8E8C-A0BC-3CBC-C845BF604CE4,4
486,D7C74EC3-08A9-05D1-4992-4DF6F626299F,6
487,5166A047-7B3A-4DBB-53C9-0207DAFA539A,2
488,D7F6A2D8-7953-0E3F-2BDC-392839779737,4
489,FD591DBA-47BB-0869-A428-642D909AA29D,6
490,7ACFC325-57DA-34E4-8FB4-A2975DDE0397,6
491,1AB7FED8-1B1E-9E70-A52A-024644963739,6
492,2A2D081C-6AAB-461C-01AF-95D53BEB8A5F,5
493,74540D5A-644B-9D0F-1FA4-AA25EFD91BC4,2
494,30333CD3-6D90-0FE1-59B2-234FC2EB4061,1
495,54DF68A5-2D34-6C9B-65A7-D113B96793B4,2
496,B37B71A2-2D38-3B3F-128F-ACABF4BA8BE1,2
497,4A56C27B-0F3A-9BDB-7DC2-799C24ED6D36,4
498,470F4218-4A12-9168-9E13-694A138D9B01,3
499,67418027-9B48-58EC-6AEB-C263B48E5CF2,1
500,EBE66653-091D-5A4F-17BF-341A1C3F04B0,4
